-- 1- currently this vendors can only be seen by GM char in mode .gm on to prevent possible abuse from hack    -- teleport users - if you want to allow every player to see them set phasemask = 1 by applying this code after -- patch:

-- update creature set phasemask = 1 where id between 155000 and 155044;
-- update creature set phasemask = 1 where id IN(29089,32841);

--  delete gm islands vendors - spawn - waypath & vendor list
delete from creature_template_addon where entry in (155017, 155021, 155022, 155023);
INSERT INTO `creature_template_addon` (`entry`, `mount`, `bytes1`, `b2_0_sheath`, `b2_1_pvp_state`, `emote`, `moveflags`, `auras`) VALUES
	(155017, 0, 5, 1, 16, 0, 0, NULL),
	(155021, 0, 5, 1, 16, 0, 0, NULL),
	(155022, 0, 5, 1, 16, 0, 0, NULL),
	(155023, 0, 5, 1, 16, 0, 0, NULL);

delete from npc_trainer where entry between 155000 and 155044;
INSERT INTO `npc_trainer` (`entry`, `spell`, `spellcost`, `reqskill`, `reqskillvalue`, `reqlevel`) VALUES
	(155034, 196, 1000, 0, 0, 0),
	(155034, 197, 1000, 0, 0, 0),
	(155034, 198, 1000, 0, 0, 0),
	(155034, 199, 1000, 0, 0, 0),
	(155034, 200, 10000, 0, 0, 20),
	(155034, 201, 1000, 0, 0, 0),
	(155034, 202, 1000, 0, 0, 0),
	(155034, 227, 1000, 0, 0, 0),
	(155034, 264, 1000, 0, 0, 0),
	(155034, 266, 1000, 0, 0, 0),
	(155034, 1180, 1000, 0, 0, 0),
	(155034, 2567, 1000, 0, 0, 0),
	(155034, 5011, 1000, 0, 0, 0),
	(155034, 15590, 1000, 0, 0, 0);

-- Creature template data
delete from creature_template where entry between 155000 and 155044;
-- insertion data
DELETE FROM `creature_template`;
INSERT INTO `creature_template` (`Entry`, `Name`, `SubName`, `IconName`, `MinLevel`, `MaxLevel`, `DifficultyEntry1`, `DifficultyEntry2`, `DifficultyEntry3`, `ModelId1`, `ModelId2`, `ModelId3`, `ModelId4`, `FactionAlliance`, `FactionHorde`, `Scale`, `Family`, `CreatureType`, `InhabitType`, `RegenerateStats`, `RacialLeader`, `NpcFlags`, `UnitFlags`, `DynamicFlags`, `ExtraFlags`, `CreatureTypeFlags`, `SpeedWalk`, `SpeedRun`, `UnitClass`, `Rank`, `Expansion`, `HealthMultiplier`, `PowerMultiplier`, `DamageMultiplier`, `DamageVariance`, `ArmorMultiplier`, `ExperienceMultiplier`, `MinLevelHealth`, `MaxLevelHealth`, `MinLevelMana`, `MaxLevelMana`, `MinMeleeDmg`, `MaxMeleeDmg`, `MinRangedDmg`, `MaxRangedDmg`, `Armor`, `MeleeAttackPower`, `RangedAttackPower`, `MeleeBaseAttackTime`, `RangedBaseAttackTime`, `DamageSchool`, `MinLootGold`, `MaxLootGold`, `LootId`, `PickpocketLootId`, `SkinningLootId`, `KillCredit1`, `KillCredit2`, `QuestItem1`, `QuestItem2`, `QuestItem3`, `QuestItem4`, `QuestItem5`, `QuestItem6`, `MechanicImmuneMask`, `ResistanceHoly`, `ResistanceFire`, `ResistanceNature`, `ResistanceFrost`, `ResistanceShadow`, `ResistanceArcane`, `PetSpellDataId`, `MovementType`, `MovementTemplateId`, `TrainerType`, `TrainerSpell`, `TrainerClass`, `TrainerRace`, `TrainerTemplateId`, `VendorTemplateId`, `EquipmentTemplateId`, `VehicleTemplateId`, `GossipMenuId`, `AIName`, `ScriptName`) VALUES
	(155000, 'Mother Tier', 'Dungeon 1 Vendor', '', 81, 81, 0, 0, 0, 16801, 0, 0, 0, 35, 35, 1, 0, 7, 3, 3, 0, 4224, 0, 0, 1026, 108, 1, 1.14286, 2, 1, -1, 1, 1, 1, 1, 1, 1, 10000, 10000, 10000, 10000, 1320, 1523, 57, 79, 1, 656, 1750, 1600, 1760, 0, 0, 0, 0, 0, 0, 0, 0, 0, 0, 0, 0, 0, 0, 0, 0, 0, 0, 0, 0, 0, 0, 0, 0, 0, 0, 0, 0, 0, 0, 2043, 0, 0, '', ''),
	(155001, 'Father Tier', 'Dungeon 2 Vendor', '', 81, 81, 0, 0, 0, 16624, 0, 0, 0, 35, 35, 1, 0, 7, 3, 3, 0, 4224, 0, 0, 1026, 108, 1, 1.14286, 2, 1, -1, 1, 1, 1, 1, 1, 1, 10000, 10000, 10000, 10000, 1320, 1523, 57, 79, 1, 656, 1750, 1600, 1760, 0, 0, 0, 0, 0, 0, 0, 0, 0, 0, 0, 0, 0, 0, 0, 0, 0, 0, 0, 0, 0, 0, 0, 0, 0, 0, 0, 0, 0, 0, 2043, 0, 0, '', ''),
	(155002, 'Borat Tier', 'Tier 1 Vendor', '', 81, 81, 0, 0, 0, 221, 19314, 221, 19314, 35, 35, 1, 0, 7, 3, 3, 0, 4224, 0, 0, 1026, 108, 1, 1.14286, 2, 1, -1, 1, 1, 1, 1, 1, 1, 10000, 10000, 10000, 10000, 1320, 1523, 57, 79, 1, 656, 1750, 1600, 1760, 0, 0, 0, 0, 0, 0, 0, 0, 0, 0, 0, 0, 0, 0, 0, 0, 0, 0, 0, 0, 0, 0, 0, 0, 0, 0, 0, 0, 0, 0, 2043, 0, 0, '', ''),
	(155003, 'Viarra Tier', 'Tier 2 Vendor', '', 81, 81, 0, 0, 0, 16470, 0, 0, 0, 35, 35, 1, 0, 7, 3, 3, 0, 4224, 0, 0, 1026, 108, 1, 1.14286, 2, 1, -1, 1, 1, 1, 1, 1, 1, 10000, 10000, 10000, 10000, 1320, 1523, 57, 79, 1, 656, 1750, 1600, 1760, 0, 0, 0, 0, 0, 0, 0, 0, 0, 0, 0, 0, 0, 0, 0, 0, 0, 0, 0, 0, 0, 0, 0, 0, 0, 0, 0, 0, 0, 0, 2043, 0, 0, '', ''),
	(155004, 'Xaranna Tier', 'Tier 3 Vendor', '', 81, 81, 0, 0, 0, 16291, 0, 0, 0, 35, 35, 1, 0, 7, 3, 3, 0, 4224, 0, 0, 1026, 108, 1, 1.14286, 2, 1, -1, 1, 1, 1, 1, 1, 1, 10000, 10000, 10000, 10000, 1320, 1523, 57, 79, 1, 656, 1750, 1600, 1760, 0, 0, 0, 0, 0, 0, 0, 0, 0, 0, 0, 0, 0, 0, 0, 0, 0, 0, 0, 0, 0, 0, 0, 0, 0, 0, 0, 0, 0, 0, 2043, 0, 0, '', ''),
	(155005, 'Tsubassa Tier', 'Tier 5 Vendor', '', 81, 81, 0, 0, 0, 16112, 0, 0, 0, 35, 35, 1, 0, 7, 3, 3, 0, 4224, 0, 0, 1026, 108, 1, 1.14286, 2, 1, -1, 1, 1, 1, 1, 1, 1, 10000, 10000, 10000, 10000, 1320, 1523, 57, 79, 1, 656, 1750, 1600, 1760, 0, 0, 0, 0, 0, 0, 0, 0, 0, 0, 0, 0, 0, 0, 0, 0, 0, 0, 0, 0, 0, 0, 0, 0, 0, 0, 0, 0, 0, 0, 2043, 0, 0, '', ''),
	(155006, 'Areae Tier', 'Gladiator Gear', '', 81, 81, 0, 0, 0, 17381, 0, 0, 0, 35, 35, 1, 0, 7, 3, 3, 0, 4224, 0, 0, 1026, 108, 1, 1.14286, 2, 1, -1, 1, 1, 1, 1, 1, 1, 10000, 10000, 10000, 10000, 1320, 1523, 57, 79, 1, 656, 1750, 1600, 1760, 0, 0, 0, 0, 0, 0, 0, 0, 0, 0, 0, 0, 0, 0, 0, 0, 0, 0, 0, 0, 0, 0, 0, 0, 0, 0, 0, 0, 0, 0, 2043, 0, 0, '', ''),
	(155007, 'Imperium Tier', 'Tier 6 Vendor', '', 81, 81, 0, 0, 0, 15511, 0, 0, 0, 35, 35, 1, 0, 7, 3, 3, 0, 4224, 0, 0, 1026, 108, 1, 1.14286, 2, 1, -1, 1, 1, 1, 1, 1, 1, 10000, 10000, 10000, 10000, 1320, 1523, 57, 79, 1, 656, 1750, 1600, 1760, 0, 0, 0, 0, 0, 0, 0, 0, 0, 0, 0, 0, 0, 0, 0, 0, 0, 0, 0, 0, 0, 0, 0, 0, 0, 0, 0, 0, 0, 0, 0, 0, 0, '', ''),
	(155008, 'Oweiru', 'Legendary Vendor', '', 81, 81, 0, 0, 0, 16607, 0, 0, 0, 35, 35, 1, 0, 7, 3, 3, 0, 4224, 0, 0, 1026, 108, 1, 1.14286, 2, 1, -1, 1, 1, 1, 1, 1, 1, 10000, 10000, 10000, 10000, 1320, 1523, 57, 79, 1, 656, 1750, 1600, 1760, 0, 0, 0, 0, 0, 0, 0, 0, 0, 0, 0, 0, 0, 0, 0, 0, 0, 0, 0, 0, 0, 0, 0, 0, 0, 0, 0, 0, 0, 0, 2110, 0, 0, '', ''),
	(155009, 'Corina Tier', 'Tier 4 Vendor', '', 81, 81, 0, 0, 0, 18037, 0, 0, 0, 35, 35, 1, 0, 7, 3, 3, 0, 4224, 0, 0, 1026, 108, 1, 1.14286, 2, 1, -1, 1, 1, 1, 1, 1, 1, 10000, 10000, 10000, 10000, 1320, 1523, 57, 79, 1, 656, 1750, 1600, 1760, 0, 0, 0, 0, 0, 0, 0, 0, 0, 0, 0, 0, 0, 0, 0, 0, 0, 0, 0, 0, 0, 0, 0, 0, 0, 0, 0, 0, 0, 0, 2043, 0, 0, '', ''),
	(155010, 'Marc', 'Staves Vendor', '', 81, 81, 0, 0, 0, 18189, 0, 0, 0, 35, 35, 1, 0, 7, 3, 3, 0, 4224, 0, 0, 1026, 108, 1, 1.14286, 2, 1, -1, 1, 1, 1, 1, 1, 1, 10000, 10000, 10000, 10000, 1320, 1523, 57, 79, 1, 656, 1750, 1600, 1760, 0, 0, 0, 0, 0, 0, 0, 0, 0, 0, 0, 0, 0, 0, 0, 0, 0, 0, 0, 0, 0, 0, 0, 0, 0, 0, 0, 0, 0, 0, 2476, 0, 0, '', ''),
	(155011, 'Grimbeard', 'Highlevelstuff Vendor', '', 81, 81, 0, 0, 0, 3597, 0, 0, 0, 35, 35, 1, 0, 7, 3, 3, 0, 4224, 0, 0, 1026, 108, 1, 1.14286, 2, 1, -1, 1, 1, 1, 1, 1, 1, 10000, 10000, 10000, 10000, 1320, 1523, 57, 79, 1, 656, 1750, 1600, 1760, 0, 0, 0, 0, 0, 0, 0, 0, 0, 0, 0, 0, 0, 0, 0, 0, 0, 0, 0, 0, 0, 0, 0, 0, 0, 0, 0, 0, 0, 0, 1980, 0, 0, '', ''),
	(155012, 'Mnu Tier', '2H Swords Vendor', '', 81, 81, 0, 0, 0, 4262, 4261, 4262, 4261, 35, 35, 1, 0, 7, 3, 3, 0, 4224, 0, 0, 1026, 108, 1, 1.14286, 2, 1, -1, 1, 1, 1, 1, 1, 1, 10000, 10000, 10000, 10000, 1320, 1523, 57, 79, 1, 656, 1750, 1600, 1760, 0, 0, 0, 0, 0, 0, 0, 0, 0, 0, 0, 0, 0, 0, 0, 0, 0, 0, 0, 0, 0, 0, 0, 0, 0, 0, 0, 0, 0, 0, 2472, 0, 0, '', ''),
	(155013, 'Vae Tier', '1H Swords Vendor', '', 81, 81, 0, 0, 0, 1324, 0, 0, 0, 35, 35, 1, 0, 7, 3, 3, 0, 4224, 0, 0, 1026, 108, 1, 1.14286, 2, 1, -1, 1, 1, 1, 1, 1, 1, 10000, 10000, 10000, 10000, 1320, 1523, 57, 79, 1, 656, 1750, 1600, 1760, 0, 0, 0, 0, 0, 0, 0, 0, 0, 0, 0, 0, 0, 0, 0, 0, 0, 0, 0, 0, 0, 0, 0, 0, 0, 0, 0, 0, 0, 0, 2471, 0, 0, '', ''),
	(155014, 'Hama Tier', 'Polearms Vendor', '', 81, 81, 0, 0, 0, 1330, 0, 0, 0, 35, 35, 1, 0, 7, 3, 3, 0, 4224, 0, 0, 1026, 108, 1, 1.14286, 2, 1, -1, 1, 1, 1, 1, 1, 1, 10000, 10000, 10000, 10000, 1320, 1523, 57, 79, 1, 656, 1750, 1600, 1760, 0, 0, 0, 0, 0, 0, 0, 0, 0, 0, 0, 0, 0, 0, 0, 0, 0, 0, 0, 0, 0, 0, 0, 0, 0, 0, 0, 0, 0, 0, 2467, 0, 0, '', ''),
	(155015, 'Viri Tier', '2H Mace Vendor', '', 81, 81, 0, 0, 0, 1331, 0, 0, 0, 35, 35, 1, 0, 7, 3, 3, 0, 4224, 0, 0, 1026, 108, 1, 1.14286, 2, 1, -1, 1, 1, 1, 1, 1, 1, 10000, 10000, 10000, 10000, 1320, 1523, 57, 79, 1, 656, 1750, 1600, 1760, 0, 0, 0, 0, 0, 0, 0, 0, 0, 0, 0, 0, 0, 0, 0, 0, 0, 0, 0, 0, 0, 0, 0, 0, 0, 0, 0, 0, 0, 0, 2470, 0, 0, '', ''),
	(155016, 'Tina Tier', '1H Mace Vendor', '', 81, 81, 0, 0, 0, 5299, 0, 0, 0, 35, 35, 1, 0, 7, 3, 3, 0, 4224, 0, 0, 1026, 108, 1, 1.14286, 2, 1, -1, 1, 1, 1, 1, 1, 1, 10000, 10000, 10000, 10000, 1320, 1523, 57, 79, 1, 656, 1750, 1600, 1760, 0, 0, 0, 0, 0, 0, 0, 0, 0, 0, 0, 0, 0, 0, 0, 0, 0, 0, 0, 0, 0, 0, 0, 0, 0, 0, 0, 0, 0, 0, 0, 0, 0, '', ''),
	(155017, 'Kathryn Tier', 'Guns Vendor', '', 81, 81, 0, 0, 0, 17810, 0, 0, 0, 35, 35, 1, 0, 7, 3, 3, 0, 4224, 0, 0, 1026, 108, 1, 1.14286, 2, 1, -1, 1, 1, 4.6, 1, 1, 1, 10000, 10000, 10000, 10000, 425, 602, 351, 511, 10007, 670, 86, 1600, 1760, 0, 0, 0, 0, 0, 0, 0, 0, 0, 0, 0, 0, 0, 0, 0, 0, 0, 0, 0, 0, 0, 0, 0, 0, 0, 0, 0, 0, 0, 0, 0, 0, 0, '', ''),
	(155018, 'Skye Tier', 'Bow Vendor', '', 81, 81, 0, 0, 0, 17875, 0, 0, 0, 35, 35, 1, 0, 7, 3, 3, 0, 4224, 0, 0, 1026, 108, 1, 1.14286, 2, 1, -1, 1, 1, 1, 1, 1, 1, 10000, 10000, 10000, 10000, 1320, 1523, 57, 79, 1, 656, 1750, 1600, 1760, 0, 0, 0, 0, 0, 0, 0, 0, 0, 0, 0, 0, 0, 0, 0, 0, 0, 0, 0, 0, 0, 0, 0, 0, 0, 0, 0, 0, 0, 0, 2474, 0, 0, '', ''),
	(155019, 'Iri Tier', '2H Axe Vendor', '', 81, 81, 0, 0, 0, 20419, 0, 0, 0, 35, 35, 1, 0, 7, 3, 3, 0, 4224, 0, 0, 1026, 108, 1, 1.14286, 2, 1, -1, 1, 1, 1, 1, 1, 1, 10000, 10000, 10000, 10000, 1320, 1523, 57, 79, 1, 656, 1750, 1600, 1760, 0, 0, 0, 0, 0, 0, 0, 0, 0, 0, 0, 0, 0, 0, 0, 0, 0, 0, 0, 0, 0, 0, 0, 0, 0, 0, 0, 0, 0, 0, 2469, 0, 0, '', ''),
	(155020, 'Lulu Tier', '1H Axe Vendor', '', 81, 81, 0, 0, 0, 10338, 0, 0, 0, 35, 35, 1, 0, 7, 3, 3, 0, 4224, 0, 0, 1026, 108, 1, 1.14286, 2, 1, -1, 1, 1, 1, 1, 1, 1, 10000, 10000, 10000, 10000, 1320, 1523, 57, 79, 1, 656, 1750, 1600, 1760, 0, 0, 0, 0, 0, 0, 0, 0, 0, 0, 0, 0, 0, 0, 0, 0, 0, 0, 0, 0, 0, 0, 0, 0, 0, 0, 0, 0, 0, 0, 2468, 0, 0, '', ''),
	(155021, 'Gandalf Tier', 'Fist Weapon Vendor', '', 81, 81, 0, 0, 0, 17874, 0, 0, 0, 35, 35, 1, 0, 7, 3, 3, 0, 4224, 0, 0, 1026, 108, 1, 1.14286, 2, 1, -1, 1, 1, 4.6, 1, 1, 1, 10000, 10000, 10000, 10000, 425, 602, 351, 511, 10007, 670, 86, 1600, 1760, 0, 0, 0, 0, 0, 0, 0, 0, 0, 0, 0, 0, 0, 0, 0, 0, 0, 0, 0, 0, 0, 0, 0, 0, 0, 0, 0, 0, 0, 0, 0, 0, 0, '', ''),
	(155022, 'Zidane Tier', 'Dagger Vendor', '', 81, 81, 0, 0, 0, 17845, 17844, 17845, 17844, 35, 35, 1, 0, 7, 3, 3, 0, 4224, 0, 0, 1026, 108, 1, 1.14286, 2, 1, -1, 1, 1, 4.6, 1, 1, 1, 10000, 10000, 10000, 10000, 425, 602, 351, 511, 10007, 670, 86, 1600, 1760, 0, 0, 0, 0, 0, 0, 0, 0, 0, 0, 0, 0, 0, 0, 0, 0, 0, 0, 0, 0, 0, 0, 0, 0, 0, 0, 0, 0, 0, 0, 0, 0, 0, '', ''),
	(155023, 'Sol Tier', 'Crossbow Vendor', '', 81, 81, 0, 0, 0, 17884, 17883, 17884, 17883, 35, 35, 1, 0, 7, 3, 3, 0, 4224, 0, 0, 1026, 108, 1, 1.14286, 2, 1, -1, 1, 1, 4.6, 1, 1, 1, 10000, 10000, 10000, 10000, 425, 602, 351, 511, 10007, 670, 86, 1600, 1760, 0, 0, 0, 0, 0, 0, 0, 0, 0, 0, 0, 0, 0, 0, 0, 0, 0, 0, 0, 0, 0, 0, 0, 0, 0, 0, 0, 0, 0, 0, 0, 0, 0, '', ''),
	(155024, 'Drake Tier', 'Wand Vendor', '', 81, 81, 0, 0, 0, 17815, 17813, 17815, 17813, 35, 35, 1, 0, 7, 3, 3, 0, 4224, 0, 0, 1026, 108, 1, 1.14286, 2, 1, -1, 1, 1, 1, 1, 1, 1, 10000, 10000, 10000, 10000, 1320, 1523, 57, 79, 1, 656, 1750, 1600, 1760, 0, 0, 0, 0, 0, 0, 0, 0, 0, 0, 0, 0, 0, 0, 0, 0, 0, 0, 0, 0, 0, 0, 0, 0, 0, 0, 0, 0, 0, 0, 2479, 0, 0, '', ''),
	(155025, 'Corrine Tier', 'Ring Vendor', '', 81, 81, 0, 0, 0, 17843, 17842, 17843, 17842, 35, 35, 1, 0, 7, 3, 3, 0, 4224, 0, 0, 1026, 108, 1, 1.14286, 2, 1, -1, 1, 1, 1, 1, 1, 1, 10000, 10000, 10000, 10000, 1320, 1523, 57, 79, 1, 656, 1750, 1600, 1760, 0, 0, 0, 0, 0, 0, 0, 0, 0, 0, 0, 0, 0, 0, 0, 0, 0, 0, 0, 0, 0, 0, 0, 0, 0, 0, 0, 0, 0, 0, 0, 0, 0, '', ''),
	(155026, 'Kira Tier', 'Shield Vendor', '', 81, 81, 0, 0, 0, 17845, 17844, 17845, 17844, 35, 35, 1, 0, 7, 3, 3, 0, 4224, 0, 0, 1026, 108, 1, 1.14286, 2, 1, -1, 1, 1, 1, 1, 1, 1, 10000, 10000, 10000, 10000, 1320, 1523, 57, 79, 1, 656, 1750, 1600, 1760, 0, 0, 0, 0, 0, 0, 0, 0, 0, 0, 0, 0, 0, 0, 0, 0, 0, 0, 0, 0, 0, 0, 0, 0, 0, 0, 0, 0, 0, 0, 2477, 0, 0, '', ''),
	(155027, 'Link Tier', 'Trinket Vendor', '', 81, 81, 0, 0, 0, 17822, 0, 0, 0, 35, 35, 1, 0, 7, 3, 3, 0, 4224, 0, 0, 1026, 108, 1, 1.14286, 2, 1, -1, 1, 1, 1, 1, 1, 1, 10000, 10000, 10000, 10000, 1320, 1523, 57, 79, 1, 656, 1750, 1600, 1760, 0, 0, 0, 0, 0, 0, 0, 0, 0, 0, 0, 0, 0, 0, 0, 0, 0, 0, 0, 0, 0, 0, 0, 0, 0, 0, 0, 0, 0, 0, 0, 0, 0, '', ''),
	(155028, 'Zelda Tier', 'Necklace Vendor', '', 81, 81, 0, 0, 0, 17830, 0, 0, 0, 35, 35, 1, 0, 7, 3, 3, 0, 4224, 0, 0, 1026, 108, 1, 1.14286, 2, 1, -1, 1, 1, 1, 1, 1, 1, 10000, 10000, 10000, 10000, 1320, 1523, 57, 79, 1, 656, 1750, 1600, 1760, 0, 0, 0, 0, 0, 0, 0, 0, 0, 0, 0, 0, 0, 0, 0, 0, 0, 0, 0, 0, 0, 0, 0, 0, 0, 0, 0, 0, 0, 0, 0, 0, 0, '', ''),
	(155029, 'Garnet Tier', 'Cloak Vendor', '', 81, 81, 0, 0, 0, 17884, 17883, 17884, 17883, 35, 35, 1, 0, 7, 3, 3, 0, 4224, 0, 0, 1026, 108, 1, 1.14286, 2, 1, -1, 1, 1, 1, 1, 1, 1, 10000, 10000, 10000, 10000, 1320, 1523, 57, 79, 1, 656, 1750, 1600, 1760, 0, 0, 0, 0, 0, 0, 0, 0, 0, 0, 0, 0, 0, 0, 0, 0, 0, 0, 0, 0, 0, 0, 0, 0, 0, 0, 0, 0, 0, 0, 0, 0, 0, '', ''),
	(155030, 'Navi Tier', 'Librams, Idols and Totems Vendor', '', 81, 81, 0, 0, 0, 17826, 0, 0, 0, 35, 35, 1, 0, 7, 3, 3, 0, 4224, 0, 0, 1026, 108, 1, 1.14286, 2, 1, -1, 1, 1, 1, 1, 1, 1, 10000, 10000, 10000, 10000, 1320, 1523, 57, 79, 1, 656, 1750, 1600, 1760, 0, 0, 0, 0, 0, 0, 0, 0, 0, 0, 0, 0, 0, 0, 0, 0, 0, 0, 0, 0, 0, 0, 0, 0, 0, 0, 0, 0, 0, 0, 2475, 0, 0, '', ''),
	(155031, 'Anna Tier', 'Dungeon 3 Vendor', '', 81, 81, 0, 0, 0, 17900, 17898, 17900, 17898, 35, 35, 1, 0, 7, 3, 3, 0, 4224, 0, 0, 1026, 108, 1, 1.14286, 2, 1, -1, 1, 1, 1, 1, 1, 1, 10000, 10000, 10000, 10000, 1320, 1523, 57, 79, 1, 656, 1750, 1600, 1760, 0, 0, 0, 0, 0, 0, 0, 0, 0, 0, 0, 0, 0, 0, 0, 0, 0, 0, 0, 0, 0, 0, 0, 0, 0, 0, 0, 0, 0, 0, 0, 0, 0, '', ''),
	(155032, 'Shieka Tier', 'Ring Vendor', '', 81, 81, 0, 0, 0, 17893, 17892, 17893, 17892, 35, 35, 1, 0, 7, 3, 3, 0, 4224, 0, 0, 1026, 108, 1, 1.14286, 2, 1, -1, 1, 1, 1, 1, 1, 1, 10000, 10000, 10000, 10000, 1320, 1523, 57, 79, 1, 656, 1750, 1600, 1760, 0, 0, 0, 0, 0, 0, 0, 0, 0, 0, 0, 0, 0, 0, 0, 0, 0, 0, 0, 0, 0, 0, 0, 0, 0, 0, 0, 0, 0, 0, 0, 0, 0, '', ''),
	(155033, 'Damien Tier', 'Ring Vendor', '', 81, 81, 0, 0, 0, 17874, 0, 0, 0, 35, 35, 1, 0, 7, 3, 3, 0, 4224, 0, 0, 1024, 108, 1, 1.14286, 2, 1, -1, 1, 1, 1, 1, 1, 1, 10000, 10000, 10000, 10000, 1320, 1523, 57, 79, 1, 656, 1750, 1600, 1760, 0, 0, 0, 0, 0, 0, 0, 0, 0, 0, 0, 0, 0, 0, 0, 0, 0, 0, 0, 0, 0, 0, 0, 0, 0, 0, 0, 0, 0, 0, 0, 0, 0, '', ''),
	(155034, 'Destiny Tier', 'Weapon Master', '', 81, 81, 0, 0, 0, 17878, 0, 0, 0, 35, 35, 1, 0, 7, 3, 3, 0, 145, 0, 0, 2, 108, 1, 1.14286, 2, 1, -1, 1, 1, 1, 1, 1, 1, 10000, 10000, 10000, 10000, 1320, 1523, 57, 79, 1, 656, 1750, 1600, 1760, 0, 0, 0, 0, 0, 0, 0, 0, 0, 0, 0, 0, 0, 0, 0, 0, 0, 0, 0, 0, 0, 0, 0, 0, 2, 0, 0, 0, 0, 0, 2480, 0, 0, '', ''),
	(155035, 'Harmony Tier', 'Tier Accessory Vendor', '', 81, 81, 0, 0, 0, 17884, 17883, 17884, 17883, 35, 35, 1, 0, 7, 3, 3, 0, 4224, 0, 0, 1026, 108, 1, 1.14286, 2, 1, -1, 1, 1, 1, 1, 1, 1, 10000, 10000, 10000, 10000, 1320, 1523, 57, 79, 1, 656, 1750, 1600, 1760, 0, 0, 0, 0, 0, 0, 0, 0, 0, 0, 0, 0, 0, 0, 0, 0, 0, 0, 0, 0, 0, 0, 0, 0, 0, 0, 0, 0, 0, 0, 0, 0, 0, '', ''),
	(155036, 'Rae Tier', 'Mount Vendor', '', 81, 81, 0, 0, 0, 17900, 17898, 17900, 17898, 35, 35, 1, 0, 7, 3, 3, 0, 4224, 0, 0, 1026, 108, 1, 1.14286, 2, 1, -1, 1, 1, 1, 1, 1, 1, 10000, 10000, 10000, 10000, 1320, 1523, 57, 79, 1, 656, 1750, 1600, 1760, 0, 0, 0, 0, 0, 0, 0, 0, 0, 0, 0, 0, 0, 0, 0, 0, 0, 0, 0, 0, 0, 0, 0, 0, 0, 0, 0, 0, 0, 0, 0, 0, 0, '', ''),
	(155037, 'Gab Tier', 'Bag Vendor', '', 81, 81, 0, 0, 0, 20651, 0, 0, 0, 35, 35, 1, 0, 7, 3, 3, 0, 4224, 0, 0, 1026, 108, 1, 1.14286, 2, 1, -1, 1, 1, 1, 1, 1, 1, 10000, 10000, 10000, 10000, 1320, 1523, 57, 79, 1, 656, 1750, 1600, 1760, 0, 0, 0, 0, 0, 0, 0, 0, 0, 0, 0, 0, 0, 0, 0, 0, 0, 0, 0, 0, 0, 0, 0, 0, 0, 0, 0, 0, 0, 0, 2473, 0, 0, '', ''),
	(155038, 'Louis Tier', 'Tier 7 Vendor', '', 81, 81, 0, 0, 0, 18189, 0, 0, 0, 35, 35, 1, 0, 7, 3, 3, 0, 4224, 0, 0, 1024, 108, 1, 1.14286, 2, 1, -1, 1, 1, 1, 1, 1, 1, 10000, 10000, 10000, 10000, 1320, 1523, 57, 79, 1, 656, 1750, 1600, 1760, 0, 0, 0, 0, 0, 0, 0, 0, 0, 0, 0, 0, 0, 0, 0, 0, 0, 0, 0, 0, 0, 0, 0, 0, 0, 0, 0, 0, 0, 0, 2043, 0, 0, '', ''),
	(155039, 'Grant Tier', 'Tier 8 Vendor', '', 81, 81, 0, 0, 0, 25783, 25781, 25782, 25784, 35, 35, 1, 0, 7, 3, 3, 0, 4224, 0, 0, 1024, 108, 1, 1.14286, 2, 1, -1, 1, 1, 1, 1, 1, 1, 10000, 10000, 10000, 10000, 1320, 1523, 57, 79, 1, 656, 1750, 1600, 1760, 0, 0, 0, 0, 0, 0, 0, 0, 0, 0, 0, 0, 0, 0, 0, 0, 0, 0, 0, 0, 0, 0, 0, 0, 0, 0, 0, 0, 0, 0, 359, 0, 0, '', ''),
	(155040, 'Cobra Tier', 'Tier 9 Vendor', '', 81, 81, 0, 0, 0, 25459, 0, 25459, 0, 35, 35, 1, 0, 7, 3, 3, 0, 4224, 0, 0, 1024, 108, 1, 1.14286, 2, 1, -1, 1, 1, 1, 1, 1, 1, 10000, 10000, 10000, 10000, 1320, 1523, 57, 79, 1, 656, 1750, 1600, 1760, 0, 0, 0, 0, 0, 0, 0, 0, 0, 0, 0, 0, 0, 0, 0, 0, 0, 0, 0, 0, 0, 0, 0, 0, 0, 0, 0, 0, 0, 0, 443, 0, 0, '', ''),
	(155041, 'Nett Tier', 'Tier 10 Vendor', '', 81, 81, 0, 0, 0, 21419, 0, 21419, 0, 35, 35, 0.6, 0, 7, 3, 3, 0, 4224, 0, 0, 1024, 108, 1, 1.14286, 2, 1, -1, 1, 1, 1, 1, 1, 1, 10000, 10000, 10000, 10000, 1320, 1523, 57, 79, 1, 656, 1750, 1600, 1760, 0, 0, 0, 0, 0, 0, 0, 0, 0, 0, 0, 0, 0, 0, 0, 0, 0, 0, 0, 0, 0, 0, 0, 0, 0, 0, 0, 0, 0, 0, 279, 0, 0, '', ''),
	(155042, 'Bago Tier', 'Gem Vendor', '', 81, 81, 0, 0, 0, 26075, 0, 26075, 0, 35, 35, 1, 0, 7, 3, 3, 0, 4224, 0, 0, 1024, 108, 1, 1.14286, 2, 1, -1, 1, 1, 1, 1, 1, 1, 10000, 10000, 10000, 10000, 1320, 1523, 57, 79, 1, 656, 1750, 1600, 1760, 0, 0, 0, 0, 0, 0, 0, 0, 0, 0, 0, 0, 0, 0, 0, 0, 0, 0, 0, 0, 0, 0, 0, 0, 0, 0, 0, 0, 0, 0, 2473, 0, 0, '', ''),
	(155043, 'Layla Tier', 'Glyph Vendor', '', 81, 81, 0, 0, 0, 21399, 0, 0, 0, 35, 35, 1, 0, 7, 3, 3, 0, 4224, 0, 0, 1026, 108, 1, 1.14286, 2, 1, -1, 1, 1, 1, 1, 1, 1, 10000, 10000, 10000, 10000, 1320, 1523, 57, 79, 1, 656, 1750, 1600, 1760, 0, 0, 0, 0, 0, 0, 0, 0, 0, 0, 0, 0, 0, 0, 0, 0, 0, 0, 0, 0, 0, 0, 0, 0, 0, 0, 0, 0, 0, 0, 2473, 0, 0, '', ''),
	(155044, 'Draco\'s Pet\'s', 'Pet Vendor', '', 81, 81, 0, 0, 0, 25984, 0, 0, 0, 35, 35, 1, 0, 7, 3, 3, 0, 4224, 0, 0, 1026, 108, 1, 1.14286, 2, 1, -1, 1, 1, 1, 1, 1, 1, 10000, 10000, 10000, 10000, 1320, 1523, 57, 79, 1, 656, 1750, 1600, 1760, 0, 0, 0, 0, 0, 0, 0, 0, 0, 0, 0, 0, 0, 0, 0, 0, 0, 0, 0, 0, 0, 0, 0, 0, 0, 0, 0, 0, 0, 0, 2473, 0, 0, '', '');

-- spawn data 
delete from creature where id between 155000 and 155044;
delete from creature_movement where id not in (select guid from creature);
-- Insertion DATA
INSERT INTO `creature` (`guid`, `id`, `map`, `spawnMask`, `phaseMask`, `modelid`, `equipment_id`, `position_x`, `position_y`, `position_z`, `orientation`, `spawntimesecs`, `spawndist`, `currentwaypoint`, `curhealth`, `curmana`, `DeathState`, `MovementType`) VALUES
	(143278, 155044, 1, 1, 2, 0, 2473, 16218.3, 16262, 13.4857, 0.016356, 900, 0, 0, 10000, 10000, 0, 0),
	(141269, 155000, 1, 1, 2, 0, 2043, 16242.8, 16291.8, 22.9304, 2.05744, 900, 0, 0, 10000, 10000, 0, 0),
	(141270, 155001, 1, 1, 2, 0, 2043, 16238.9, 16292, 22.9299, 1.16969, 900, 0, 0, 10000, 10000, 0, 0),
	(141271, 155002, 1, 1, 2, 0, 2043, 16251.5, 16298.6, 20.8442, 2.13235, 900, 0, 0, 10000, 10000, 0, 0),
	(141272, 155003, 1, 1, 2, 0, 2043, 16253.8, 16304.2, 20.8442, 3.16499, 900, 0, 0, 10000, 10000, 0, 0),
	(141273, 155004, 1, 1, 2, 0, 2043, 16254.1, 16311.9, 20.8442, 3.83729, 900, 0, 0, 10000, 10000, 0, 0),
	(141274, 155005, 1, 1, 2, 0, 2043, 16225.6, 16304.6, 29.2628, 0.0409088, 900, 0, 0, 10000, 10000, 0, 0),
	(141275, 155006, 1, 1, 2, 0, 2043, 16248.9, 16267.9, 14.9305, 2.51092, 900, 0, 0, 10000, 10000, 0, 2),
	(141276, 155007, 1, 1, 2, 0, 0, 16236.1, 16315.4, 20.8456, 3.60891, 900, 0, 0, 10000, 10000, 0, 0),
	(141277, 155008, 1, 1, 2, 0, 2110, 16253.3, 16296.1, 13.1764, 2.94604, 900, 0, 0, 10000, 10000, 0, 0),
	(141278, 155009, 1, 1, 2, 0, 2043, 16226, 16311.4, 29.2616, 6.19302, 900, 0, 0, 10000, 10000, 0, 0),
	(141279, 155010, 1, 1, 2, 0, 2476, 16228.8, 16283.7, 13.1746, 3.18087, 900, 0, 0, 10000, 10000, 0, 0),
	(141280, 155011, 1, 1, 2, 0, 1980, 16225.2, 16276, 20.923, 1.44167, 900, 0, 0, 10000, 10000, 0, 2),
	(141281, 155012, 1, 1, 2, 0, 0, 16229.4, 16251.4, 13.1147, 2.76553, 900, 0, 0, 10000, 10000, 0, 0),
	(141282, 155013, 1, 1, 2, 0, 0, 16227.1, 16239.9, 11.4314, 2.87549, 900, 0, 0, 10000, 10000, 0, 0),
	(141283, 155014, 1, 1, 2, 0, 0, 16205.7, 16225.6, 2.7072, 5.95097, 900, 0, 0, 10000, 10000, 0, 0),
	(141284, 155015, 1, 1, 2, 0, 0, 16215.2, 16242.4, 10.3941, 6.09234, 900, 0, 0, 10000, 10000, 0, 0),
	(141285, 155016, 1, 1, 2, 0, 0, 16211, 16233.6, 7.0615, 5.79326, 900, 0, 0, 10000, 10000, 0, 0),
	(141286, 155017, 1, 1, 2, 0, 0, 16242.1, 16305.1, 20.8995, 6.10491, 900, 0, 0, 10000, 10000, 0, 0),
	(141287, 155018, 1, 1, 2, 0, 0, 16227.7, 16290.8, 31.7143, 1.37366, 900, 0, 0, 10000, 10000, 0, 0),
	(141288, 155019, 1, 1, 2, 0, 0, 16222.1, 16227.8, 6.90042, 2.75768, 900, 0, 0, 10000, 10000, 0, 0),
	(141289, 155020, 1, 1, 2, 0, 0, 16214.5, 16222.6, 3.3335, 2.77732, 900, 0, 0, 10000, 10000, 0, 0),
	(141290, 155021, 1, 1, 2, 0, 0, 16244, 16302.6, 20.8976, 1.53389, 900, 0, 0, 10000, 10000, 0, 0),
	(141291, 155022, 1, 1, 2, 0, 0, 16247.5, 16304.5, 20.9015, 2.97903, 900, 0, 0, 10000, 10000, 0, 0),
	(141292, 155023, 1, 1, 2, 0, 0, 16244.8, 16306.5, 20.8994, 4.60873, 900, 0, 0, 10000, 10000, 0, 0),
	(141293, 155024, 1, 1, 2, 0, 0, 16231.3, 16292.5, 20.8458, 2.87692, 900, 0, 0, 10000, 10000, 0, 0),
	(141294, 155025, 1, 1, 2, 0, 0, 16225.8, 16301, 20.8596, 4.83475, 900, 0, 0, 10000, 10000, 0, 0),
	(141295, 155026, 1, 1, 2, 0, 0, 16223.8, 16293.9, 20.8507, 0.316327, 900, 0, 0, 10000, 10000, 0, 0),
	(141296, 155027, 1, 1, 2, 0, 0, 16224, 16297.6, 20.8524, 5.16934, 900, 0, 0, 10000, 10000, 0, 0),
	(141297, 155028, 1, 1, 2, 0, 0, 16237.9, 16288.6, 20.8787, 5.27223, 900, 0, 0, 10000, 10000, 0, 0),
	(141298, 155029, 1, 1, 2, 0, 0, 16257.5, 16287.2, 20.9268, 2.32199, 900, 0, 0, 10000, 10000, 0, 0),
	(141299, 155030, 1, 1, 2, 0, 0, 16265.7, 16322.2, 20.9206, 4.12841, 900, 0, 0, 10000, 10000, 0, 0),
	(141300, 155031, 1, 1, 2, 0, 0, 16239.1, 16320.6, 20.8569, 0.798316, 900, 0, 0, 10000, 10000, 0, 0),
	(141301, 155032, 1, 1, 2, 0, 0, 16219.6, 16327, 20.9244, 5.88121, 900, 0, 0, 10000, 10000, 0, 0),
	(141302, 155033, 1, 1, 2, 0, 0, 16216.9, 16279.8, 20.9238, 0.583694, 900, 0, 0, 10000, 10000, 0, 0),
	(141303, 155034, 1, 1, 2, 0, 0, 16226.3, 16316.7, 20.846, 5.46495, 900, 0, 0, 10000, 10000, 0, 0),
	(141304, 155035, 1, 1, 2, 0, 0, 16233.2, 16306.9, 29.262, 2.98152, 900, 0, 0, 10000, 10000, 0, 0),
	(141305, 155036, 1, 1, 2, 0, 0, 16202.3, 16255.9, 21.1605, 6.04865, 900, 0, 0, 10000, 10000, 0, 0),
	(141306, 155037, 1, 1, 2, 0, 0, 16228.2, 16316.2, 29.2624, 5.34464, 900, 0, 0, 10000, 10000, 0, 0),
	(141307, 155038, 1, 1, 2, 18189, 2043, 16231.3, 16316, 20.8453, 4.64172, 900, 0, 0, 10000, 10000, 0, 0);

-- NPC vendor
delete from npc_vendor where entry between 155000 and 155044;
-- Insertion of DATA
INSERT INTO `npc_vendor` (`entry`, `item`, `maxcount`, `incrtime`, `ExtendedCost`, `condition_id`) VALUES
	(155000, 16666, 0, 0, 0, 0),
	(155000, 16667, 0, 0, 0, 0),
	(155000, 16668, 0, 0, 0, 0),
	(155000, 16669, 0, 0, 0, 0),
	(155000, 16670, 0, 0, 0, 0),
	(155000, 16671, 0, 0, 0, 0),
	(155000, 16672, 0, 0, 0, 0),
	(155000, 16673, 0, 0, 0, 0),
	(155000, 16674, 0, 0, 0, 0),
	(155000, 16675, 0, 0, 0, 0),
	(155000, 16676, 0, 0, 0, 0),
	(155000, 16677, 0, 0, 0, 0),
	(155000, 16678, 0, 0, 0, 0),
	(155000, 16679, 0, 0, 0, 0),
	(155000, 16680, 0, 0, 0, 0),
	(155000, 16681, 0, 0, 0, 0),
	(155000, 16682, 0, 0, 0, 0),
	(155000, 16683, 0, 0, 0, 0),
	(155000, 16684, 0, 0, 0, 0),
	(155000, 16685, 0, 0, 0, 0),
	(155000, 16686, 0, 0, 0, 0),
	(155000, 16687, 0, 0, 0, 0),
	(155000, 16688, 0, 0, 0, 0),
	(155000, 16689, 0, 0, 0, 0),
	(155000, 16690, 0, 0, 0, 0),
	(155000, 16691, 0, 0, 0, 0),
	(155000, 16692, 0, 0, 0, 0),
	(155000, 16693, 0, 0, 0, 0),
	(155000, 16694, 0, 0, 0, 0),
	(155000, 16695, 0, 0, 0, 0),
	(155000, 16696, 0, 0, 0, 0),
	(155000, 16697, 0, 0, 0, 0),
	(155000, 16698, 0, 0, 0, 0),
	(155000, 16699, 0, 0, 0, 0),
	(155000, 16700, 0, 0, 0, 0),
	(155000, 16701, 0, 0, 0, 0),
	(155000, 16702, 0, 0, 0, 0),
	(155000, 16703, 0, 0, 0, 0),
	(155000, 16704, 0, 0, 0, 0),
	(155000, 16705, 0, 0, 0, 0),
	(155000, 16706, 0, 0, 0, 0),
	(155000, 16707, 0, 0, 0, 0),
	(155000, 16708, 0, 0, 0, 0),
	(155000, 16709, 0, 0, 0, 0),
	(155000, 16710, 0, 0, 0, 0),
	(155000, 16711, 0, 0, 0, 0),
	(155000, 16712, 0, 0, 0, 0),
	(155000, 16713, 0, 0, 0, 0),
	(155000, 16714, 0, 0, 0, 0),
	(155000, 16715, 0, 0, 0, 0),
	(155000, 16716, 0, 0, 0, 0),
	(155000, 16717, 0, 0, 0, 0),
	(155000, 16718, 0, 0, 0, 0),
	(155000, 16719, 0, 0, 0, 0),
	(155000, 16720, 0, 0, 0, 0),
	(155000, 16721, 0, 0, 0, 0),
	(155000, 16722, 0, 0, 0, 0),
	(155000, 16723, 0, 0, 0, 0),
	(155000, 16724, 0, 0, 0, 0),
	(155000, 16725, 0, 0, 0, 0),
	(155000, 16726, 0, 0, 0, 0),
	(155000, 16727, 0, 0, 0, 0),
	(155000, 16728, 0, 0, 0, 0),
	(155000, 16729, 0, 0, 0, 0),
	(155000, 16730, 0, 0, 0, 0),
	(155000, 16731, 0, 0, 0, 0),
	(155000, 16732, 0, 0, 0, 0),
	(155000, 16733, 0, 0, 0, 0),
	(155000, 16734, 0, 0, 0, 0),
	(155000, 16735, 0, 0, 0, 0),
	(155000, 16736, 0, 0, 0, 0),
	(155000, 16737, 0, 0, 0, 0),
	(155001, 21994, 0, 0, 0, 0),
	(155001, 21995, 0, 0, 0, 0),
	(155001, 21996, 0, 0, 0, 0),
	(155001, 21997, 0, 0, 0, 0),
	(155001, 21998, 0, 0, 0, 0),
	(155001, 21999, 0, 0, 0, 0),
	(155001, 22000, 0, 0, 0, 0),
	(155001, 22001, 0, 0, 0, 0),
	(155001, 22002, 0, 0, 0, 0),
	(155001, 22003, 0, 0, 0, 0),
	(155001, 22004, 0, 0, 0, 0),
	(155001, 22005, 0, 0, 0, 0),
	(155001, 22006, 0, 0, 0, 0),
	(155001, 22007, 0, 0, 0, 0),
	(155001, 22008, 0, 0, 0, 0),
	(155001, 22009, 0, 0, 0, 0),
	(155001, 22010, 0, 0, 0, 0),
	(155001, 22011, 0, 0, 0, 0),
	(155001, 22013, 0, 0, 0, 0),
	(155001, 22015, 0, 0, 0, 0),
	(155001, 22016, 0, 0, 0, 0),
	(155001, 22017, 0, 0, 0, 0),
	(155001, 22060, 0, 0, 0, 0),
	(155001, 22061, 0, 0, 0, 0),
	(155001, 22062, 0, 0, 0, 0),
	(155001, 22063, 0, 0, 0, 0),
	(155001, 22064, 0, 0, 0, 0),
	(155001, 22065, 0, 0, 0, 0),
	(155001, 22066, 0, 0, 0, 0),
	(155001, 22067, 0, 0, 0, 0),
	(155001, 22068, 0, 0, 0, 0),
	(155001, 22069, 0, 0, 0, 0),
	(155001, 22070, 0, 0, 0, 0),
	(155001, 22071, 0, 0, 0, 0),
	(155001, 22072, 0, 0, 0, 0),
	(155001, 22073, 0, 0, 0, 0),
	(155001, 22074, 0, 0, 0, 0),
	(155001, 22075, 0, 0, 0, 0),
	(155001, 22076, 0, 0, 0, 0),
	(155001, 22077, 0, 0, 0, 0),
	(155001, 22078, 0, 0, 0, 0),
	(155001, 22079, 0, 0, 0, 0),
	(155001, 22080, 0, 0, 0, 0),
	(155001, 22081, 0, 0, 0, 0),
	(155001, 22082, 0, 0, 0, 0),
	(155001, 22083, 0, 0, 0, 0),
	(155001, 22084, 0, 0, 0, 0),
	(155001, 22085, 0, 0, 0, 0),
	(155001, 22086, 0, 0, 0, 0),
	(155001, 22087, 0, 0, 0, 0),
	(155001, 22088, 0, 0, 0, 0),
	(155001, 22089, 0, 0, 0, 0),
	(155001, 22090, 0, 0, 0, 0),
	(155001, 22091, 0, 0, 0, 0),
	(155001, 22092, 0, 0, 0, 0),
	(155001, 22093, 0, 0, 0, 0),
	(155001, 22095, 0, 0, 0, 0),
	(155001, 22096, 0, 0, 0, 0),
	(155001, 22097, 0, 0, 0, 0),
	(155001, 22098, 0, 0, 0, 0),
	(155001, 22099, 0, 0, 0, 0),
	(155001, 22100, 0, 0, 0, 0),
	(155001, 22101, 0, 0, 0, 0),
	(155001, 22102, 0, 0, 0, 0),
	(155001, 22106, 0, 0, 0, 0),
	(155001, 22107, 0, 0, 0, 0),
	(155001, 22108, 0, 0, 0, 0),
	(155001, 22109, 0, 0, 0, 0),
	(155001, 22110, 0, 0, 0, 0),
	(155001, 22111, 0, 0, 0, 0),
	(155001, 22112, 0, 0, 0, 0),
	(155001, 22113, 0, 0, 0, 0),
	(155002, 16795, 0, 0, 0, 0),
	(155002, 16796, 0, 0, 0, 0),
	(155002, 16797, 0, 0, 0, 0),
	(155002, 16798, 0, 0, 0, 0),
	(155002, 16799, 0, 0, 0, 0),
	(155002, 16800, 0, 0, 0, 0),
	(155002, 16801, 0, 0, 0, 0),
	(155002, 16802, 0, 0, 0, 0),
	(155002, 16803, 0, 0, 0, 0),
	(155002, 16804, 0, 0, 0, 0),
	(155002, 16805, 0, 0, 0, 0),
	(155002, 16806, 0, 0, 0, 0),
	(155002, 16807, 0, 0, 0, 0),
	(155002, 16808, 0, 0, 0, 0),
	(155002, 16809, 0, 0, 0, 0),
	(155002, 16810, 0, 0, 0, 0),
	(155002, 16811, 0, 0, 0, 0),
	(155002, 16812, 0, 0, 0, 0),
	(155002, 16813, 0, 0, 0, 0),
	(155002, 16814, 0, 0, 0, 0),
	(155002, 16815, 0, 0, 0, 0),
	(155002, 16816, 0, 0, 0, 0),
	(155002, 16817, 0, 0, 0, 0),
	(155002, 16819, 0, 0, 0, 0),
	(155002, 16820, 0, 0, 0, 0),
	(155002, 16821, 0, 0, 0, 0),
	(155002, 16822, 0, 0, 0, 0),
	(155002, 16823, 0, 0, 0, 0),
	(155002, 16824, 0, 0, 0, 0),
	(155002, 16825, 0, 0, 0, 0),
	(155002, 16826, 0, 0, 0, 0),
	(155002, 16827, 0, 0, 0, 0),
	(155002, 16828, 0, 0, 0, 0),
	(155002, 16829, 0, 0, 0, 0),
	(155002, 16830, 0, 0, 0, 0),
	(155002, 16831, 0, 0, 0, 0),
	(155002, 16833, 0, 0, 0, 0),
	(155002, 16834, 0, 0, 0, 0),
	(155002, 16835, 0, 0, 0, 0),
	(155002, 16836, 0, 0, 0, 0),
	(155002, 16837, 0, 0, 0, 0),
	(155002, 16838, 0, 0, 0, 0),
	(155002, 16839, 0, 0, 0, 0),
	(155002, 16840, 0, 0, 0, 0),
	(155002, 16841, 0, 0, 0, 0),
	(155002, 16842, 0, 0, 0, 0),
	(155002, 16843, 0, 0, 0, 0),
	(155002, 16844, 0, 0, 0, 0),
	(155002, 16845, 0, 0, 0, 0),
	(155002, 16846, 0, 0, 0, 0),
	(155002, 16847, 0, 0, 0, 0),
	(155002, 16848, 0, 0, 0, 0),
	(155002, 16849, 0, 0, 0, 0),
	(155002, 16850, 0, 0, 0, 0),
	(155002, 16851, 0, 0, 0, 0),
	(155002, 16852, 0, 0, 0, 0),
	(155002, 16853, 0, 0, 0, 0),
	(155002, 16854, 0, 0, 0, 0),
	(155002, 16855, 0, 0, 0, 0),
	(155002, 16856, 0, 0, 0, 0),
	(155002, 16857, 0, 0, 0, 0),
	(155002, 16858, 0, 0, 0, 0),
	(155002, 16859, 0, 0, 0, 0),
	(155002, 16860, 0, 0, 0, 0),
	(155002, 16861, 0, 0, 0, 0),
	(155002, 16862, 0, 0, 0, 0),
	(155002, 16863, 0, 0, 0, 0),
	(155002, 16864, 0, 0, 0, 0),
	(155002, 16865, 0, 0, 0, 0),
	(155002, 16866, 0, 0, 0, 0),
	(155002, 16867, 0, 0, 0, 0),
	(155002, 16868, 0, 0, 0, 0),
	(155003, 16818, 0, 0, 0, 0),
	(155003, 16832, 0, 0, 0, 0),
	(155003, 16897, 0, 0, 0, 0),
	(155003, 16898, 0, 0, 0, 0),
	(155003, 16899, 0, 0, 0, 0),
	(155003, 16900, 0, 0, 0, 0),
	(155003, 16901, 0, 0, 0, 0),
	(155003, 16902, 0, 0, 0, 0),
	(155003, 16903, 0, 0, 0, 0),
	(155003, 16904, 0, 0, 0, 0),
	(155003, 16905, 0, 0, 0, 0),
	(155003, 16906, 0, 0, 0, 0),
	(155003, 16907, 0, 0, 0, 0),
	(155003, 16908, 0, 0, 0, 0),
	(155003, 16909, 0, 0, 0, 0),
	(155003, 16910, 0, 0, 0, 0),
	(155003, 16911, 0, 0, 0, 0),
	(155003, 16912, 0, 0, 0, 0),
	(155003, 16913, 0, 0, 0, 0),
	(155003, 16914, 0, 0, 0, 0),
	(155003, 16915, 0, 0, 0, 0),
	(155003, 16916, 0, 0, 0, 0),
	(155003, 16917, 0, 0, 0, 0),
	(155003, 16918, 0, 0, 0, 0),
	(155003, 16919, 0, 0, 0, 0),
	(155003, 16920, 0, 0, 0, 0),
	(155003, 16921, 0, 0, 0, 0),
	(155003, 16922, 0, 0, 0, 0),
	(155003, 16923, 0, 0, 0, 0),
	(155003, 16924, 0, 0, 0, 0),
	(155003, 16925, 0, 0, 0, 0),
	(155003, 16926, 0, 0, 0, 0),
	(155003, 16927, 0, 0, 0, 0),
	(155003, 16928, 0, 0, 0, 0),
	(155003, 16929, 0, 0, 0, 0),
	(155003, 16930, 0, 0, 0, 0),
	(155003, 16931, 0, 0, 0, 0),
	(155003, 16932, 0, 0, 0, 0),
	(155003, 16933, 0, 0, 0, 0),
	(155003, 16934, 0, 0, 0, 0),
	(155003, 16935, 0, 0, 0, 0),
	(155003, 16936, 0, 0, 0, 0),
	(155003, 16937, 0, 0, 0, 0),
	(155003, 16938, 0, 0, 0, 0),
	(155003, 16939, 0, 0, 0, 0),
	(155003, 16940, 0, 0, 0, 0),
	(155003, 16941, 0, 0, 0, 0),
	(155003, 16942, 0, 0, 0, 0),
	(155003, 16943, 0, 0, 0, 0),
	(155003, 16944, 0, 0, 0, 0),
	(155003, 16945, 0, 0, 0, 0),
	(155003, 16946, 0, 0, 0, 0),
	(155003, 16947, 0, 0, 0, 0),
	(155003, 16948, 0, 0, 0, 0),
	(155003, 16949, 0, 0, 0, 0),
	(155003, 16950, 0, 0, 0, 0),
	(155003, 16951, 0, 0, 0, 0),
	(155003, 16952, 0, 0, 0, 0),
	(155003, 16953, 0, 0, 0, 0),
	(155003, 16954, 0, 0, 0, 0),
	(155003, 16955, 0, 0, 0, 0),
	(155003, 16956, 0, 0, 0, 0),
	(155003, 16957, 0, 0, 0, 0),
	(155003, 16958, 0, 0, 0, 0),
	(155003, 16959, 0, 0, 0, 0),
	(155003, 16960, 0, 0, 0, 0),
	(155003, 16961, 0, 0, 0, 0),
	(155003, 16962, 0, 0, 0, 0),
	(155003, 16963, 0, 0, 0, 0),
	(155003, 16964, 0, 0, 0, 0),
	(155003, 16965, 0, 0, 0, 0),
	(155003, 16966, 0, 0, 0, 0),
	(155004, 22416, 0, 0, 0, 0),
	(155004, 22417, 0, 0, 0, 0),
	(155004, 22418, 0, 0, 0, 0),
	(155004, 22419, 0, 0, 0, 0),
	(155004, 22420, 0, 0, 0, 0),
	(155004, 22421, 0, 0, 0, 0),
	(155004, 22422, 0, 0, 0, 0),
	(155004, 22423, 0, 0, 0, 0),
	(155004, 22424, 0, 0, 0, 0),
	(155004, 22425, 0, 0, 0, 0),
	(155004, 22426, 0, 0, 0, 0),
	(155004, 22427, 0, 0, 0, 0),
	(155004, 22428, 0, 0, 0, 0),
	(155004, 22429, 0, 0, 0, 0),
	(155004, 22430, 0, 0, 0, 0),
	(155004, 22431, 0, 0, 0, 0),
	(155004, 22436, 0, 0, 0, 0),
	(155004, 22437, 0, 0, 0, 0),
	(155004, 22438, 0, 0, 0, 0),
	(155004, 22439, 0, 0, 0, 0),
	(155004, 22440, 0, 0, 0, 0),
	(155004, 22441, 0, 0, 0, 0),
	(155004, 22442, 0, 0, 0, 0),
	(155004, 22443, 0, 0, 0, 0),
	(155004, 22464, 0, 0, 0, 0),
	(155004, 22465, 0, 0, 0, 0),
	(155004, 22466, 0, 0, 0, 0),
	(155004, 22467, 0, 0, 0, 0),
	(155004, 22468, 0, 0, 0, 0),
	(155004, 22469, 0, 0, 0, 0),
	(155004, 22470, 0, 0, 0, 0),
	(155004, 22471, 0, 0, 0, 0),
	(155004, 22476, 0, 0, 0, 0),
	(155004, 22477, 0, 0, 0, 0),
	(155004, 22478, 0, 0, 0, 0),
	(155004, 22479, 0, 0, 0, 0),
	(155004, 22480, 0, 0, 0, 0),
	(155004, 22481, 0, 0, 0, 0),
	(155004, 22482, 0, 0, 0, 0),
	(155004, 22483, 0, 0, 0, 0),
	(155004, 22488, 0, 0, 0, 0),
	(155004, 22489, 0, 0, 0, 0),
	(155004, 22490, 0, 0, 0, 0),
	(155004, 22491, 0, 0, 0, 0),
	(155004, 22492, 0, 0, 0, 0),
	(155004, 22493, 0, 0, 0, 0),
	(155004, 22494, 0, 0, 0, 0),
	(155004, 22495, 0, 0, 0, 0),
	(155004, 22496, 0, 0, 0, 0),
	(155004, 22497, 0, 0, 0, 0),
	(155004, 22498, 0, 0, 0, 0),
	(155004, 22499, 0, 0, 0, 0),
	(155004, 22500, 0, 0, 0, 0),
	(155004, 22501, 0, 0, 0, 0),
	(155004, 22502, 0, 0, 0, 0),
	(155004, 22503, 0, 0, 0, 0),
	(155004, 22504, 0, 0, 0, 0),
	(155004, 22505, 0, 0, 0, 0),
	(155004, 22506, 0, 0, 0, 0),
	(155004, 22507, 0, 0, 0, 0),
	(155004, 22508, 0, 0, 0, 0),
	(155004, 22509, 0, 0, 0, 0),
	(155004, 22510, 0, 0, 0, 0),
	(155004, 22511, 0, 0, 0, 0),
	(155004, 22512, 0, 0, 0, 0),
	(155004, 22513, 0, 0, 0, 0),
	(155004, 22514, 0, 0, 0, 0),
	(155004, 22515, 0, 0, 0, 0),
	(155004, 22516, 0, 0, 0, 0),
	(155004, 22517, 0, 0, 0, 0),
	(155004, 22518, 0, 0, 0, 0),
	(155004, 22519, 0, 0, 0, 0),
	(155005, 30113, 0, 0, 0, 0),
	(155005, 30114, 0, 0, 0, 0),
	(155005, 30115, 0, 0, 0, 0),
	(155005, 30116, 0, 0, 0, 0),
	(155005, 30117, 0, 0, 0, 0),
	(155005, 30118, 0, 0, 0, 0),
	(155005, 30119, 0, 0, 0, 0),
	(155005, 30120, 0, 0, 0, 0),
	(155005, 30121, 0, 0, 0, 0),
	(155005, 30122, 0, 0, 0, 0),
	(155005, 30123, 0, 0, 0, 0),
	(155005, 30124, 0, 0, 0, 0),
	(155005, 30125, 0, 0, 0, 0),
	(155005, 30126, 0, 0, 0, 0),
	(155005, 30127, 0, 0, 0, 0),
	(155005, 30129, 0, 0, 0, 0),
	(155005, 30130, 0, 0, 0, 0),
	(155005, 30131, 0, 0, 0, 0),
	(155005, 30132, 0, 0, 0, 0),
	(155005, 30133, 0, 0, 0, 0),
	(155005, 30134, 0, 0, 0, 0),
	(155005, 30135, 0, 0, 0, 0),
	(155005, 30136, 0, 0, 0, 0),
	(155005, 30137, 0, 0, 0, 0),
	(155005, 30138, 0, 0, 0, 0),
	(155005, 30139, 0, 0, 0, 0),
	(155005, 30140, 0, 0, 0, 0),
	(155005, 30141, 0, 0, 0, 0),
	(155005, 30142, 0, 0, 0, 0),
	(155005, 30143, 0, 0, 0, 0),
	(155005, 30144, 0, 0, 0, 0),
	(155005, 30145, 0, 0, 0, 0),
	(155005, 30146, 0, 0, 0, 0),
	(155005, 30148, 0, 0, 0, 0),
	(155005, 30149, 0, 0, 0, 0),
	(155005, 30150, 0, 0, 0, 0),
	(155005, 30151, 0, 0, 0, 0),
	(155005, 30152, 0, 0, 0, 0),
	(155005, 30153, 0, 0, 0, 0),
	(155005, 30154, 0, 0, 0, 0),
	(155005, 30159, 0, 0, 0, 0),
	(155005, 30160, 0, 0, 0, 0),
	(155005, 30161, 0, 0, 0, 0),
	(155005, 30162, 0, 0, 0, 0),
	(155005, 30163, 0, 0, 0, 0),
	(155005, 30164, 0, 0, 0, 0),
	(155005, 30165, 0, 0, 0, 0),
	(155005, 30166, 0, 0, 0, 0),
	(155005, 30167, 0, 0, 0, 0),
	(155005, 30168, 0, 0, 0, 0),
	(155005, 30169, 0, 0, 0, 0),
	(155005, 30170, 0, 0, 0, 0),
	(155005, 30171, 0, 0, 0, 0),
	(155005, 30172, 0, 0, 0, 0),
	(155005, 30173, 0, 0, 0, 0),
	(155005, 30185, 0, 0, 0, 0),
	(155005, 30189, 0, 0, 0, 0),
	(155005, 30190, 0, 0, 0, 0),
	(155005, 30192, 0, 0, 0, 0),
	(155005, 30194, 0, 0, 0, 0),
	(155005, 30196, 0, 0, 0, 0),
	(155005, 30205, 0, 0, 0, 0),
	(155005, 30206, 0, 0, 0, 0),
	(155005, 30207, 0, 0, 0, 0),
	(155005, 30210, 0, 0, 0, 0),
	(155005, 30211, 0, 0, 0, 0),
	(155005, 30212, 0, 0, 0, 0),
	(155005, 30213, 0, 0, 0, 0),
	(155005, 30214, 0, 0, 0, 0),
	(155005, 30215, 0, 0, 0, 0),
	(155005, 30216, 0, 0, 0, 0),
	(155005, 30217, 0, 0, 0, 0),
	(155005, 30219, 0, 0, 0, 0),
	(155005, 30220, 0, 0, 0, 0),
	(155005, 30221, 0, 0, 0, 0),
	(155005, 30222, 0, 0, 0, 0),
	(155005, 30223, 0, 0, 0, 0),
	(155005, 30228, 0, 0, 0, 0),
	(155005, 30229, 0, 0, 0, 0),
	(155005, 30230, 0, 0, 0, 0),
	(155005, 30231, 0, 0, 0, 0),
	(155005, 30232, 0, 0, 0, 0),
	(155005, 30233, 0, 0, 0, 0),
	(155005, 30234, 0, 0, 0, 0),
	(155005, 30235, 0, 0, 0, 0),
	(155006, 24544, 0, 0, 0, 0),
	(155006, 24545, 0, 0, 0, 0),
	(155006, 24546, 0, 0, 0, 0),
	(155006, 24547, 0, 0, 0, 0),
	(155006, 24549, 0, 0, 0, 0),
	(155006, 24550, 0, 0, 0, 0),
	(155006, 24552, 0, 0, 0, 0),
	(155006, 24553, 0, 0, 0, 0),
	(155006, 24554, 0, 0, 0, 0),
	(155006, 24555, 0, 0, 0, 0),
	(155006, 24556, 0, 0, 0, 0),
	(155006, 24557, 0, 0, 0, 0),
	(155006, 25153, 0, 0, 0, 0),
	(155006, 25830, 0, 0, 0, 0),
	(155006, 25831, 0, 0, 0, 0),
	(155006, 25832, 0, 0, 0, 0),
	(155006, 25833, 0, 0, 0, 0),
	(155006, 25834, 0, 0, 0, 0),
	(155006, 25854, 0, 0, 0, 0),
	(155006, 25855, 0, 0, 0, 0),
	(155006, 25856, 0, 0, 0, 0),
	(155006, 25857, 0, 0, 0, 0),
	(155006, 25858, 0, 0, 0, 0),
	(155006, 25997, 0, 0, 0, 0),
	(155006, 25998, 0, 0, 0, 0),
	(155006, 25999, 0, 0, 0, 0),
	(155006, 26000, 0, 0, 0, 0),
	(155006, 26001, 0, 0, 0, 0),
	(155006, 27469, 0, 0, 0, 0),
	(155006, 27470, 0, 0, 0, 0),
	(155006, 27471, 0, 0, 0, 0),
	(155006, 27472, 0, 0, 0, 0),
	(155006, 27473, 0, 0, 0, 0),
	(155006, 27702, 0, 0, 0, 0),
	(155006, 27703, 0, 0, 0, 0),
	(155006, 27704, 0, 0, 0, 0),
	(155006, 27705, 0, 0, 0, 0),
	(155006, 27706, 0, 0, 0, 0),
	(155006, 27707, 0, 0, 0, 0),
	(155006, 27708, 0, 0, 0, 0),
	(155006, 27709, 0, 0, 0, 0),
	(155006, 27710, 0, 0, 0, 0),
	(155006, 27711, 0, 0, 0, 0),
	(155006, 27879, 0, 0, 0, 0),
	(155006, 27880, 0, 0, 0, 0),
	(155006, 27881, 0, 0, 0, 0),
	(155006, 27882, 0, 0, 0, 0),
	(155006, 27883, 0, 0, 0, 0),
	(155006, 28126, 0, 0, 0, 0),
	(155006, 28127, 0, 0, 0, 0),
	(155006, 28128, 0, 0, 0, 0),
	(155006, 28129, 0, 0, 0, 0),
	(155006, 28130, 0, 0, 0, 0),
	(155006, 28136, 0, 0, 0, 0),
	(155006, 28137, 0, 0, 0, 0),
	(155006, 28138, 0, 0, 0, 0),
	(155006, 28139, 0, 0, 0, 0),
	(155006, 28140, 0, 0, 0, 0),
	(155006, 28294, 0, 0, 0, 0),
	(155006, 28295, 0, 0, 0, 0),
	(155006, 28297, 0, 0, 0, 0),
	(155006, 28298, 0, 0, 0, 0),
	(155006, 28299, 0, 0, 0, 0),
	(155006, 28300, 0, 0, 0, 0),
	(155006, 28302, 0, 0, 0, 0),
	(155006, 28305, 0, 0, 0, 0),
	(155006, 28307, 0, 0, 0, 0),
	(155006, 28308, 0, 0, 0, 0),
	(155006, 28309, 0, 0, 0, 0),
	(155006, 28310, 0, 0, 0, 0),
	(155006, 28312, 0, 0, 0, 0),
	(155006, 28313, 0, 0, 0, 0),
	(155006, 28314, 0, 0, 0, 0),
	(155006, 28319, 0, 0, 0, 0),
	(155006, 28331, 0, 0, 0, 0),
	(155006, 28332, 0, 0, 0, 0),
	(155006, 28333, 0, 0, 0, 0),
	(155006, 28334, 0, 0, 0, 0),
	(155006, 28335, 0, 0, 0, 0),
	(155006, 28346, 0, 0, 0, 0),
	(155006, 28358, 0, 0, 0, 0),
	(155006, 28476, 0, 0, 0, 0),
	(155006, 30186, 0, 0, 0, 0),
	(155006, 30187, 0, 0, 0, 0),
	(155006, 30188, 0, 0, 0, 0),
	(155006, 30200, 0, 0, 0, 0),
	(155006, 30201, 0, 0, 0, 0),
	(155006, 31375, 0, 0, 0, 0),
	(155006, 31376, 0, 0, 0, 0),
	(155006, 31377, 0, 0, 0, 0),
	(155006, 31378, 0, 0, 0, 0),
	(155006, 31379, 0, 0, 0, 0),
	(155006, 31396, 0, 0, 0, 0),
	(155006, 31397, 0, 0, 0, 0),
	(155006, 31400, 0, 0, 0, 0),
	(155006, 31406, 0, 0, 0, 0),
	(155006, 31407, 0, 0, 0, 0),
	(155006, 31409, 0, 0, 0, 0),
	(155006, 31410, 0, 0, 0, 0),
	(155006, 31411, 0, 0, 0, 0),
	(155006, 31412, 0, 0, 0, 0),
	(155006, 31413, 0, 0, 0, 0),
	(155006, 31613, 0, 0, 0, 0),
	(155006, 31614, 0, 0, 0, 0),
	(155006, 31616, 0, 0, 0, 0),
	(155006, 31618, 0, 0, 0, 0),
	(155006, 31619, 0, 0, 0, 0),
	(155007, 30969, 0, 0, 0, 0),
	(155007, 30970, 0, 0, 0, 0),
	(155007, 30972, 0, 0, 0, 0),
	(155007, 30974, 0, 0, 0, 0),
	(155007, 30975, 0, 0, 0, 0),
	(155007, 30976, 0, 0, 0, 0),
	(155007, 30977, 0, 0, 0, 0),
	(155007, 30978, 0, 0, 0, 0),
	(155007, 30979, 0, 0, 0, 0),
	(155007, 30980, 0, 0, 0, 0),
	(155007, 30982, 0, 0, 0, 0),
	(155007, 30983, 0, 0, 0, 0),
	(155007, 30985, 0, 0, 0, 0),
	(155007, 30987, 0, 0, 0, 0),
	(155007, 30988, 0, 0, 0, 0),
	(155007, 30989, 0, 0, 0, 0),
	(155007, 30990, 0, 0, 0, 0),
	(155007, 30991, 0, 0, 0, 0),
	(155007, 30992, 0, 0, 0, 0),
	(155007, 30993, 0, 0, 0, 0),
	(155007, 30994, 0, 0, 0, 0),
	(155007, 30995, 0, 0, 0, 0),
	(155007, 30996, 0, 0, 0, 0),
	(155007, 30997, 0, 0, 0, 0),
	(155007, 30998, 0, 0, 0, 0),
	(155007, 31001, 0, 0, 0, 0),
	(155007, 31003, 0, 0, 0, 0),
	(155007, 31004, 0, 0, 0, 0),
	(155007, 31005, 0, 0, 0, 0),
	(155007, 31006, 0, 0, 0, 0),
	(155007, 31007, 0, 0, 0, 0),
	(155007, 31008, 0, 0, 0, 0),
	(155007, 31011, 0, 0, 0, 0),
	(155007, 31012, 0, 0, 0, 0),
	(155007, 31014, 0, 0, 0, 0),
	(155007, 31015, 0, 0, 0, 0),
	(155007, 31016, 0, 0, 0, 0),
	(155007, 31017, 0, 0, 0, 0),
	(155007, 31018, 0, 0, 0, 0),
	(155007, 31019, 0, 0, 0, 0),
	(155007, 31020, 0, 0, 0, 0),
	(155007, 31021, 0, 0, 0, 0),
	(155007, 31022, 0, 0, 0, 0),
	(155007, 31023, 0, 0, 0, 0),
	(155007, 31024, 0, 0, 0, 0),
	(155007, 31026, 0, 0, 0, 0),
	(155007, 31027, 0, 0, 0, 0),
	(155007, 31028, 0, 0, 0, 0),
	(155007, 31029, 0, 0, 0, 0),
	(155007, 31030, 0, 0, 0, 0),
	(155007, 31032, 0, 0, 0, 0),
	(155007, 31034, 0, 0, 0, 0),
	(155007, 31035, 0, 0, 0, 0),
	(155007, 31037, 0, 0, 0, 0),
	(155007, 31039, 0, 0, 0, 0),
	(155007, 31040, 0, 0, 0, 0),
	(155007, 31041, 0, 0, 0, 0),
	(155007, 31042, 0, 0, 0, 0),
	(155007, 31043, 0, 0, 0, 0),
	(155007, 31044, 0, 0, 0, 0),
	(155007, 31045, 0, 0, 0, 0),
	(155007, 31046, 0, 0, 0, 0),
	(155007, 31047, 0, 0, 0, 0),
	(155007, 31048, 0, 0, 0, 0),
	(155007, 31049, 0, 0, 0, 0),
	(155007, 31050, 0, 0, 0, 0),
	(155007, 31051, 0, 0, 0, 0),
	(155007, 31052, 0, 0, 0, 0),
	(155007, 31053, 0, 0, 0, 0),
	(155007, 31054, 0, 0, 0, 0),
	(155007, 31055, 0, 0, 0, 0),
	(155007, 31056, 0, 0, 0, 0),
	(155007, 31057, 0, 0, 0, 0),
	(155007, 31058, 0, 0, 0, 0),
	(155007, 31059, 0, 0, 0, 0),
	(155007, 31060, 0, 0, 0, 0),
	(155007, 31061, 0, 0, 0, 0),
	(155007, 31063, 0, 0, 0, 0),
	(155007, 31064, 0, 0, 0, 0),
	(155007, 31065, 0, 0, 0, 0),
	(155007, 31066, 0, 0, 0, 0),
	(155007, 31067, 0, 0, 0, 0),
	(155007, 31068, 0, 0, 0, 0),
	(155007, 31069, 0, 0, 0, 0),
	(155007, 31070, 0, 0, 0, 0),
	(155007, 34431, 0, 0, 0, 0),
	(155007, 34432, 0, 0, 0, 0),
	(155007, 34433, 0, 0, 0, 0),
	(155007, 34434, 0, 0, 0, 0),
	(155007, 34435, 0, 0, 0, 0),
	(155007, 34436, 0, 0, 0, 0),
	(155007, 34437, 0, 0, 0, 0),
	(155007, 34438, 0, 0, 0, 0),
	(155007, 34439, 0, 0, 0, 0),
	(155007, 34441, 0, 0, 0, 0),
	(155007, 34442, 0, 0, 0, 0),
	(155007, 34443, 0, 0, 0, 0),
	(155007, 34444, 0, 0, 0, 0),
	(155007, 34445, 0, 0, 0, 0),
	(155007, 34446, 0, 0, 0, 0),
	(155007, 34447, 0, 0, 0, 0),
	(155007, 34448, 0, 0, 0, 0),
	(155007, 34485, 0, 0, 0, 0),
	(155007, 34487, 0, 0, 0, 0),
	(155007, 34488, 0, 0, 0, 0),
	(155007, 34527, 0, 0, 0, 0),
	(155007, 34528, 0, 0, 0, 0),
	(155007, 34541, 0, 0, 0, 0),
	(155007, 34542, 0, 0, 0, 0),
	(155007, 34543, 0, 0, 0, 0),
	(155007, 34545, 0, 0, 0, 0),
	(155007, 34546, 0, 0, 0, 0),
	(155007, 34547, 0, 0, 0, 0),
	(155007, 34549, 0, 0, 0, 0),
	(155007, 34554, 0, 0, 0, 0),
	(155007, 34555, 0, 0, 0, 0),
	(155007, 34556, 0, 0, 0, 0),
	(155007, 34557, 0, 0, 0, 0),
	(155007, 34558, 0, 0, 0, 0),
	(155007, 34559, 0, 0, 0, 0),
	(155007, 34560, 0, 0, 0, 0),
	(155007, 34561, 0, 0, 0, 0),
	(155007, 34562, 0, 0, 0, 0),
	(155007, 34563, 0, 0, 0, 0),
	(155007, 34564, 0, 0, 0, 0),
	(155007, 34565, 0, 0, 0, 0),
	(155007, 34566, 0, 0, 0, 0),
	(155007, 34567, 0, 0, 0, 0),
	(155007, 34568, 0, 0, 0, 0),
	(155007, 34569, 0, 0, 0, 0),
	(155007, 34570, 0, 0, 0, 0),
	(155007, 34571, 0, 0, 0, 0),
	(155007, 34572, 0, 0, 0, 0),
	(155007, 34573, 0, 0, 0, 0),
	(155007, 34574, 0, 0, 0, 0),
	(155007, 34575, 0, 0, 0, 0),
	(155012, 50070, 0, 0, 0, 0),
	(155012, 51393, 0, 0, 0, 0),
	(155008, 21441, 0, 0, 0, 0),
	(155008, 30311, 0, 0, 0, 0),
	(155008, 18583, 0, 0, 0, 0),
	(155008, 18584, 0, 0, 0, 0),
	(155008, 32838, 0, 0, 0, 0),
	(155008, 32837, 0, 0, 0, 0),
	(155008, 18565, 0, 0, 0, 0),
	(155008, 19016, 0, 0, 0, 0),
	(155008, 46017, 0, 0, 0, 0),
	(155008, 45896, 0, 0, 0, 0),
	(155008, 19019, 0, 0, 0, 0),
	(155008, 34334, 0, 0, 0, 0),
	(155008, 18582, 0, 0, 0, 0),
	(155008, 17782, 0, 0, 0, 0),
	(155008, 17182, 0, 0, 0, 0),
	(155008, 30313, 0, 0, 0, 0),
	(155008, 22726, 0, 0, 0, 0),
	(155008, 45039, 0, 0, 0, 0),
	(155008, 17142, 0, 0, 0, 0),
	(155008, 50274, 0, 0, 0, 0),
	(155008, 45897, 0, 0, 0, 0),
	(155008, 30314, 0, 0, 0, 0),
	(155008, 25596, 0, 0, 0, 0),
	(155008, 30318, 0, 0, 0, 0),
	(155008, 30319, 0, 0, 0, 0),
	(155008, 192, 0, 0, 0, 0),
	(155008, 30312, 0, 0, 0, 0),
	(155008, 23051, 0, 0, 0, 0),
	(155008, 22727, 0, 0, 0, 0),
	(155008, 45038, 0, 0, 0, 0),
	(155008, 17204, 0, 0, 0, 0),
	(155008, 18566, 0, 0, 0, 0),
	(155008, 19017, 0, 0, 0, 0),
	(155008, 17771, 0, 0, 0, 0),
	(155008, 19018, 0, 0, 0, 0),
	(155008, 30316, 0, 0, 0, 0),
	(155008, 30317, 0, 0, 0, 0),
	(155008, 30320, 0, 0, 0, 0),
	(155008, 21176, 0, 0, 0, 0),
	(155008, 18564, 0, 0, 0, 0),
	(155008, 18563, 0, 0, 0, 0),
	(155008, 22734, 0, 0, 0, 0),
	(155008, 22737, 0, 0, 0, 0),
	(155008, 22632, 0, 0, 0, 0),
	(155008, 22631, 0, 0, 0, 0),
	(155008, 22630, 0, 0, 0, 0),
	(155008, 22589, 0, 0, 0, 0),
	(155008, 13262, 0, 0, 0, 0),
	(155008, 22736, 0, 0, 0, 0),
	(155008, 12947, 0, 0, 0, 0),
	(155009, 28963, 0, 0, 0, 0),
	(155009, 28964, 0, 0, 0, 0),
	(155009, 28966, 0, 0, 0, 0),
	(155009, 28967, 0, 0, 0, 0),
	(155009, 28968, 0, 0, 0, 0),
	(155009, 29011, 0, 0, 0, 0),
	(155009, 29012, 0, 0, 0, 0),
	(155009, 29015, 0, 0, 0, 0),
	(155009, 29016, 0, 0, 0, 0),
	(155009, 29017, 0, 0, 0, 0),
	(155009, 29019, 0, 0, 0, 0),
	(155009, 29020, 0, 0, 0, 0),
	(155009, 29021, 0, 0, 0, 0),
	(155009, 29022, 0, 0, 0, 0),
	(155009, 29023, 0, 0, 0, 0),
	(155009, 29028, 0, 0, 0, 0),
	(155009, 29029, 0, 0, 0, 0),
	(155009, 29030, 0, 0, 0, 0),
	(155009, 29031, 0, 0, 0, 0),
	(155009, 29032, 0, 0, 0, 0),
	(155009, 29033, 0, 0, 0, 0),
	(155009, 29034, 0, 0, 0, 0),
	(155009, 29035, 0, 0, 0, 0),
	(155009, 29036, 0, 0, 0, 0),
	(155009, 29037, 0, 0, 0, 0),
	(155009, 29038, 0, 0, 0, 0),
	(155009, 29039, 0, 0, 0, 0),
	(155009, 29040, 0, 0, 0, 0),
	(155009, 29042, 0, 0, 0, 0),
	(155009, 29043, 0, 0, 0, 0),
	(155009, 29044, 0, 0, 0, 0),
	(155009, 29045, 0, 0, 0, 0),
	(155009, 29046, 0, 0, 0, 0),
	(155009, 29047, 0, 0, 0, 0),
	(155009, 29048, 0, 0, 0, 0),
	(155009, 29049, 0, 0, 0, 0),
	(155009, 29050, 0, 0, 0, 0),
	(155009, 29053, 0, 0, 0, 0),
	(155009, 29054, 0, 0, 0, 0),
	(155009, 29055, 0, 0, 0, 0),
	(155009, 29056, 0, 0, 0, 0),
	(155009, 29057, 0, 0, 0, 0),
	(155009, 29058, 0, 0, 0, 0),
	(155009, 29059, 0, 0, 0, 0),
	(155009, 29060, 0, 0, 0, 0),
	(155009, 29061, 0, 0, 0, 0),
	(155009, 29062, 0, 0, 0, 0),
	(155009, 29063, 0, 0, 0, 0),
	(155009, 29064, 0, 0, 0, 0),
	(155009, 29065, 0, 0, 0, 0),
	(155009, 29066, 0, 0, 0, 0),
	(155009, 29067, 0, 0, 0, 0),
	(155009, 29068, 0, 0, 0, 0),
	(155009, 29069, 0, 0, 0, 0),
	(155009, 29070, 0, 0, 0, 0),
	(155009, 29071, 0, 0, 0, 0),
	(155009, 29072, 0, 0, 0, 0),
	(155009, 29073, 0, 0, 0, 0),
	(155009, 29074, 0, 0, 0, 0),
	(155009, 29075, 0, 0, 0, 0),
	(155009, 29076, 0, 0, 0, 0),
	(155009, 29077, 0, 0, 0, 0),
	(155009, 29078, 0, 0, 0, 0),
	(155009, 29079, 0, 0, 0, 0),
	(155009, 29080, 0, 0, 0, 0),
	(155009, 29081, 0, 0, 0, 0),
	(155009, 29082, 0, 0, 0, 0),
	(155009, 29083, 0, 0, 0, 0),
	(155009, 29084, 0, 0, 0, 0),
	(155009, 29085, 0, 0, 0, 0),
	(155009, 29086, 0, 0, 0, 0),
	(155009, 29087, 0, 0, 0, 0),
	(155009, 29088, 0, 0, 0, 0),
	(155009, 29089, 0, 0, 0, 0),
	(155009, 29090, 0, 0, 0, 0),
	(155009, 29091, 0, 0, 0, 0),
	(155009, 29092, 0, 0, 0, 0),
	(155009, 29093, 0, 0, 0, 0),
	(155009, 29095, 0, 0, 0, 0),
	(155009, 29096, 0, 0, 0, 0),
	(155009, 29097, 0, 0, 0, 0),
	(155009, 29098, 0, 0, 0, 0),
	(155009, 29099, 0, 0, 0, 0),
	(155009, 29100, 0, 0, 0, 0),
	(155010, 812, 0, 0, 0, 0),
	(155010, 873, 0, 0, 0, 0),
	(155010, 943, 0, 0, 0, 0),
	(155010, 944, 0, 0, 0, 0),
	(155010, 13937, 0, 0, 0, 0),
	(155010, 17113, 0, 0, 0, 0),
	(155010, 18608, 0, 0, 0, 0),
	(155010, 18609, 0, 0, 0, 0),
	(155010, 18715, 0, 0, 0, 0),
	(155010, 18842, 0, 0, 0, 0),
	(155010, 18873, 0, 0, 0, 0),
	(155010, 18874, 0, 0, 0, 0),
	(155010, 19355, 0, 0, 0, 0),
	(155010, 19356, 0, 0, 0, 0),
	(155010, 19884, 0, 0, 0, 0),
	(155010, 19909, 0, 0, 0, 0),
	(155010, 19944, 0, 0, 0, 0),
	(155010, 20069, 0, 0, 0, 0),
	(155010, 20220, 0, 0, 0, 0),
	(155010, 20487, 0, 0, 0, 0),
	(155010, 20581, 0, 0, 0, 0),
	(155010, 21128, 0, 0, 0, 0),
	(155010, 21273, 0, 0, 0, 0),
	(155010, 21275, 0, 0, 0, 0),
	(155010, 21452, 0, 0, 0, 0),
	(155010, 22589, 0, 0, 0, 0),
	(155010, 22630, 0, 0, 0, 0),
	(155010, 22631, 0, 0, 0, 0),
	(155010, 22632, 0, 0, 0, 0),
	(155010, 22799, 0, 0, 0, 0),
	(155010, 22800, 0, 0, 0, 0),
	(155010, 22801, 0, 0, 0, 0),
	(155010, 24557, 0, 0, 0, 0),
	(155010, 28604, 0, 0, 0, 0),
	(155010, 28633, 0, 0, 0, 0),
	(155010, 28658, 0, 0, 0, 0),
	(155010, 28782, 0, 0, 0, 0),
	(155010, 29355, 0, 0, 0, 0),
	(155010, 29359, 0, 0, 0, 0),
	(155010, 29981, 0, 0, 0, 0),
	(155010, 29988, 0, 0, 0, 0),
	(155010, 30021, 0, 0, 0, 0),
	(155010, 30732, 0, 0, 0, 0),
	(155010, 30883, 0, 0, 0, 0),
	(155010, 30908, 0, 0, 0, 0),
	(155010, 31334, 0, 0, 0, 0),
	(155010, 32344, 0, 0, 0, 0),
	(155010, 32374, 0, 0, 0, 0),
	(155010, 33465, 0, 0, 0, 0),
	(155010, 33490, 0, 0, 0, 0),
	(155010, 33494, 0, 0, 0, 0),
	(155010, 34182, 0, 0, 0, 0),
	(155010, 34608, 0, 0, 0, 0),
	(155011, 29266, 0, 0, 0, 0),
	(155011, 29267, 0, 0, 0, 0),
	(155011, 29268, 0, 0, 0, 0),
	(155011, 29269, 0, 0, 0, 0),
	(155011, 29270, 0, 0, 0, 0),
	(155011, 29271, 0, 0, 0, 0),
	(155011, 29272, 0, 0, 0, 0),
	(155011, 29273, 0, 0, 0, 0),
	(155011, 29274, 0, 0, 0, 0),
	(155011, 29275, 0, 0, 0, 0),
	(155011, 29367, 0, 0, 0, 0),
	(155011, 29368, 0, 0, 0, 0),
	(155011, 29369, 0, 0, 0, 0),
	(155011, 29370, 0, 0, 0, 0),
	(155011, 29373, 0, 0, 0, 0),
	(155011, 29374, 0, 0, 0, 0),
	(155011, 29375, 0, 0, 0, 0),
	(155011, 29376, 0, 0, 0, 0),
	(155011, 29379, 0, 0, 0, 0),
	(155011, 29381, 0, 0, 0, 0),
	(155011, 29382, 0, 0, 0, 0),
	(155011, 29383, 0, 0, 0, 0),
	(155011, 29384, 0, 0, 0, 0),
	(155011, 29385, 0, 0, 0, 0),
	(155011, 29386, 0, 0, 0, 0),
	(155011, 29387, 0, 0, 0, 0),
	(155011, 29388, 0, 0, 0, 0),
	(155011, 29389, 0, 0, 0, 0),
	(155011, 29390, 0, 0, 0, 0),
	(155011, 30761, 0, 0, 0, 0),
	(155011, 30762, 0, 0, 0, 0),
	(155011, 30763, 0, 0, 0, 0),
	(155011, 30764, 0, 0, 0, 0),
	(155011, 30766, 0, 0, 0, 0),
	(155011, 30767, 0, 0, 0, 0),
	(155011, 30768, 0, 0, 0, 0),
	(155011, 30769, 0, 0, 0, 0),
	(155011, 30770, 0, 0, 0, 0),
	(155011, 30772, 0, 0, 0, 0),
	(155011, 30773, 0, 0, 0, 0),
	(155011, 30774, 0, 0, 0, 0),
	(155011, 30776, 0, 0, 0, 0),
	(155011, 30778, 0, 0, 0, 0),
	(155011, 30779, 0, 0, 0, 0),
	(155011, 30780, 0, 0, 0, 0),
	(155012, 647, 0, 0, 0, 0),
	(155012, 1982, 0, 0, 0, 0),
	(155012, 2801, 0, 0, 0, 0),
	(155012, 9372, 0, 0, 0, 0),
	(155012, 12592, 0, 0, 0, 0),
	(155012, 13262, 0, 0, 0, 0),
	(155012, 13505, 0, 0, 0, 0),
	(155012, 17076, 0, 0, 0, 0),
	(155012, 18542, 0, 0, 0, 0),
	(155012, 18822, 0, 0, 0, 0),
	(155012, 18876, 0, 0, 0, 0),
	(155012, 18877, 0, 0, 0, 0),
	(155012, 19334, 0, 0, 0, 0),
	(155012, 19364, 0, 0, 0, 0),
	(155012, 19854, 0, 0, 0, 0),
	(155012, 21492, 0, 0, 0, 0),
	(155012, 21679, 0, 0, 0, 0),
	(155012, 22691, 0, 0, 0, 0),
	(155012, 22813, 0, 0, 0, 0),
	(155012, 23541, 0, 0, 0, 0),
	(155012, 24550, 0, 0, 0, 0),
	(155012, 28428, 0, 0, 0, 0),
	(155012, 28429, 0, 0, 0, 0),
	(155012, 28430, 0, 0, 0, 0),
	(155012, 28573, 0, 0, 0, 0),
	(155012, 29356, 0, 0, 0, 0),
	(155012, 29993, 0, 0, 0, 0),
	(155012, 30902, 0, 0, 0, 0),
	(155012, 33478, 0, 0, 0, 0),
	(155013, 809, 0, 0, 0, 0),
	(155013, 869, 0, 0, 0, 0),
	(155013, 1728, 0, 0, 0, 0),
	(155013, 2244, 0, 0, 0, 0),
	(155013, 10847, 0, 0, 0, 0),
	(155013, 12584, 0, 0, 0, 0),
	(155013, 16345, 0, 0, 0, 0),
	(155013, 17075, 0, 0, 0, 0),
	(155013, 17103, 0, 0, 0, 0),
	(155013, 18348, 0, 0, 0, 0),
	(155013, 18582, 0, 0, 0, 0),
	(155013, 18583, 0, 0, 0, 0),
	(155013, 18584, 0, 0, 0, 0),
	(155013, 18832, 0, 0, 0, 0),
	(155013, 19019, 0, 0, 0, 0),
	(155013, 19168, 0, 0, 0, 0),
	(155013, 19351, 0, 0, 0, 0),
	(155013, 19352, 0, 0, 0, 0),
	(155013, 19864, 0, 0, 0, 0),
	(155013, 19865, 0, 0, 0, 0),
	(155013, 19866, 0, 0, 0, 0),
	(155013, 19867, 0, 0, 0, 0),
	(155013, 20577, 0, 0, 0, 0),
	(155013, 20698, 0, 0, 0, 0),
	(155013, 21395, 0, 0, 0, 0),
	(155013, 21413, 0, 0, 0, 0),
	(155013, 21520, 0, 0, 0, 0),
	(155013, 21521, 0, 0, 0, 0),
	(155013, 21622, 0, 0, 0, 0),
	(155013, 21650, 0, 0, 0, 0),
	(155013, 22383, 0, 0, 0, 0),
	(155013, 22736, 0, 0, 0, 0),
	(155013, 22806, 0, 0, 0, 0),
	(155013, 22807, 0, 0, 0, 0),
	(155013, 23014, 0, 0, 0, 0),
	(155013, 23054, 0, 0, 0, 0),
	(155013, 23456, 0, 0, 0, 0),
	(155013, 23461, 0, 0, 0, 0),
	(155013, 23467, 0, 0, 0, 0),
	(155013, 23540, 0, 0, 0, 0),
	(155013, 23577, 0, 0, 0, 0),
	(155013, 28295, 0, 0, 0, 0),
	(155013, 28307, 0, 0, 0, 0),
	(155013, 28425, 0, 0, 0, 0),
	(155013, 28426, 0, 0, 0, 0),
	(155013, 28427, 0, 0, 0, 0),
	(155013, 28729, 0, 0, 0, 0),
	(155013, 28749, 0, 0, 0, 0),
	(155013, 28802, 0, 0, 0, 0),
	(155013, 29124, 0, 0, 0, 0),
	(155013, 29153, 0, 0, 0, 0),
	(155013, 29155, 0, 0, 0, 0),
	(155013, 29156, 0, 0, 0, 0),
	(155013, 29362, 0, 0, 0, 0),
	(155013, 30082, 0, 0, 0, 0),
	(155013, 30095, 0, 0, 0, 0),
	(155013, 30733, 0, 0, 0, 0),
	(155013, 30874, 0, 0, 0, 0),
	(155013, 30881, 0, 0, 0, 0),
	(155013, 30910, 0, 0, 0, 0),
	(155013, 31332, 0, 0, 0, 0),
	(155013, 31336, 0, 0, 0, 0),
	(155013, 32369, 0, 0, 0, 0),
	(155013, 32837, 0, 0, 0, 0),
	(155013, 32838, 0, 0, 0, 0),
	(155013, 33214, 0, 0, 0, 0),
	(155013, 33388, 0, 0, 0, 0),
	(155013, 33467, 0, 0, 0, 0),
	(155013, 34164, 0, 0, 0, 0),
	(155013, 34214, 0, 0, 0, 0),
	(155013, 34609, 0, 0, 0, 0),
	(155014, 17074, 0, 0, 0, 0),
	(155014, 17223, 0, 0, 0, 0),
	(155014, 18869, 0, 0, 0, 0),
	(155014, 18871, 0, 0, 0, 0),
	(155014, 19167, 0, 0, 0, 0),
	(155014, 19874, 0, 0, 0, 0),
	(155014, 21635, 0, 0, 0, 0),
	(155014, 23039, 0, 0, 0, 0),
	(155014, 28300, 0, 0, 0, 0),
	(155014, 28774, 0, 0, 0, 0),
	(155014, 30830, 0, 0, 0, 0),
	(155014, 32248, 0, 0, 0, 0),
	(155014, 34183, 0, 0, 0, 0),
	(155015, 2915, 0, 0, 0, 0),
	(155015, 17073, 0, 0, 0, 0),
	(155015, 17182, 0, 0, 0, 0),
	(155015, 17193, 0, 0, 0, 0),
	(155015, 18803, 0, 0, 0, 0),
	(155015, 18867, 0, 0, 0, 0),
	(155015, 18868, 0, 0, 0, 0),
	(155015, 19323, 0, 0, 0, 0),
	(155015, 19357, 0, 0, 0, 0),
	(155015, 19358, 0, 0, 0, 0),
	(155015, 19918, 0, 0, 0, 0),
	(155015, 21188, 0, 0, 0, 0),
	(155015, 21703, 0, 0, 0, 0),
	(155015, 22798, 0, 0, 0, 0),
	(155015, 22809, 0, 0, 0, 0),
	(155015, 23455, 0, 0, 0, 0),
	(155015, 23465, 0, 0, 0, 0),
	(155015, 23546, 0, 0, 0, 0),
	(155015, 28299, 0, 0, 0, 0),
	(155015, 28440, 0, 0, 0, 0),
	(155015, 28441, 0, 0, 0, 0),
	(155015, 28442, 0, 0, 0, 0),
	(155015, 28476, 0, 0, 0, 0),
	(155015, 28800, 0, 0, 0, 0),
	(155015, 29171, 0, 0, 0, 0),
	(155015, 29998, 0, 0, 0, 0),
	(155015, 30090, 0, 0, 0, 0),
	(155015, 31322, 0, 0, 0, 0),
	(155015, 32332, 0, 0, 0, 0),
	(155015, 32854, 0, 0, 0, 0),
	(155016, 810, 0, 0, 0, 0),
	(155016, 868, 0, 0, 0, 0),
	(155016, 2243, 0, 0, 0, 0),
	(155016, 8708, 0, 0, 0, 0),
	(155016, 11684, 0, 0, 0, 0),
	(155016, 17105, 0, 0, 0, 0),
	(155016, 17112, 0, 0, 0, 0),
	(155016, 18865, 0, 0, 0, 0),
	(155016, 18866, 0, 0, 0, 0),
	(155016, 19170, 0, 0, 0, 0),
	(155016, 19335, 0, 0, 0, 0),
	(155016, 19360, 0, 0, 0, 0),
	(155016, 19890, 0, 0, 0, 0),
	(155016, 20580, 0, 0, 0, 0),
	(155016, 21268, 0, 0, 0, 0),
	(155016, 21398, 0, 0, 0, 0),
	(155016, 21407, 0, 0, 0, 0),
	(155016, 21410, 0, 0, 0, 0),
	(155016, 21466, 0, 0, 0, 0),
	(155016, 21715, 0, 0, 0, 0),
	(155016, 21837, 0, 0, 0, 0),
	(155016, 21839, 0, 0, 0, 0),
	(155016, 22384, 0, 0, 0, 0),
	(155016, 22808, 0, 0, 0, 0),
	(155016, 22942, 0, 0, 0, 0),
	(155016, 22988, 0, 0, 0, 0),
	(155016, 23056, 0, 0, 0, 0),
	(155016, 23221, 0, 0, 0, 0),
	(155016, 23454, 0, 0, 0, 0),
	(155016, 23459, 0, 0, 0, 0),
	(155016, 23464, 0, 0, 0, 0),
	(155016, 23544, 0, 0, 0, 0),
	(155016, 23556, 0, 0, 0, 0),
	(155016, 28302, 0, 0, 0, 0),
	(155016, 28305, 0, 0, 0, 0),
	(155016, 28437, 0, 0, 0, 0),
	(155016, 28438, 0, 0, 0, 0),
	(155016, 28439, 0, 0, 0, 0),
	(155016, 28522, 0, 0, 0, 0),
	(155016, 28657, 0, 0, 0, 0),
	(155016, 28771, 0, 0, 0, 0),
	(155016, 29175, 0, 0, 0, 0),
	(155016, 29353, 0, 0, 0, 0),
	(155016, 29996, 0, 0, 0, 0),
	(155016, 30058, 0, 0, 0, 0),
	(155016, 30108, 0, 0, 0, 0),
	(155016, 30317, 0, 0, 0, 0),
	(155016, 30832, 0, 0, 0, 0),
	(155016, 30918, 0, 0, 0, 0),
	(155016, 31342, 0, 0, 0, 0),
	(155016, 32262, 0, 0, 0, 0),
	(155016, 32943, 0, 0, 0, 0),
	(155016, 33283, 0, 0, 0, 0),
	(155016, 33468, 0, 0, 0, 0),
	(155016, 34009, 0, 0, 0, 0),
	(155016, 34176, 0, 0, 0, 0),
	(155016, 34611, 0, 0, 0, 0),
	(155017, 2099, 0, 0, 0, 0),
	(155017, 2100, 0, 0, 0, 0),
	(155017, 17072, 0, 0, 0, 0),
	(155017, 18282, 0, 0, 0, 0),
	(155017, 18855, 0, 0, 0, 0),
	(155017, 18860, 0, 0, 0, 0),
	(155017, 19368, 0, 0, 0, 0),
	(155017, 19853, 0, 0, 0, 0),
	(155017, 21272, 0, 0, 0, 0),
	(155017, 22656, 0, 0, 0, 0),
	(155017, 22810, 0, 0, 0, 0),
	(155017, 23557, 0, 0, 0, 0),
	(155017, 28581, 0, 0, 0, 0),
	(155017, 29151, 0, 0, 0, 0),
	(155017, 29949, 0, 0, 0, 0),
	(155017, 30724, 0, 0, 0, 0),
	(155017, 31323, 0, 0, 0, 0),
	(155017, 32325, 0, 0, 0, 0),
	(155017, 32756, 0, 0, 0, 0),
	(155017, 33491, 0, 0, 0, 0),
	(155018, 2824, 0, 0, 0, 0),
	(155018, 2825, 0, 0, 0, 0),
	(155018, 17069, 0, 0, 0, 0),
	(155018, 18713, 0, 0, 0, 0),
	(155018, 18833, 0, 0, 0, 0),
	(155018, 18835, 0, 0, 0, 0),
	(155018, 19350, 0, 0, 0, 0),
	(155018, 20038, 0, 0, 0, 0),
	(155018, 20488, 0, 0, 0, 0),
	(155018, 21478, 0, 0, 0, 0),
	(155018, 21616, 0, 0, 0, 0),
	(155018, 22811, 0, 0, 0, 0),
	(155018, 28772, 0, 0, 0, 0),
	(155018, 29152, 0, 0, 0, 0),
	(155018, 29351, 0, 0, 0, 0),
	(155018, 30105, 0, 0, 0, 0),
	(155018, 30906, 0, 0, 0, 0),
	(155018, 32336, 0, 0, 0, 0),
	(155018, 33474, 0, 0, 0, 0),
	(155019, 870, 0, 0, 0, 0),
	(155019, 1263, 0, 0, 0, 0),
	(155019, 2291, 0, 0, 0, 0),
	(155019, 17104, 0, 0, 0, 0),
	(155019, 18538, 0, 0, 0, 0),
	(155019, 18830, 0, 0, 0, 0),
	(155019, 18831, 0, 0, 0, 0),
	(155019, 19169, 0, 0, 0, 0),
	(155019, 19353, 0, 0, 0, 0),
	(155019, 19354, 0, 0, 0, 0),
	(155019, 21134, 0, 0, 0, 0),
	(155019, 21856, 0, 0, 0, 0),
	(155019, 22815, 0, 0, 0, 0),
	(155019, 23543, 0, 0, 0, 0),
	(155019, 28298, 0, 0, 0, 0),
	(155019, 28434, 0, 0, 0, 0),
	(155019, 28435, 0, 0, 0, 0),
	(155019, 28436, 0, 0, 0, 0),
	(155019, 28587, 0, 0, 0, 0),
	(155019, 28773, 0, 0, 0, 0),
	(155019, 28794, 0, 0, 0, 0),
	(155019, 30722, 0, 0, 0, 0),
	(155019, 31318, 0, 0, 0, 0),
	(155019, 32348, 0, 0, 0, 0),
	(155019, 33492, 0, 0, 0, 0),
	(155020, 811, 0, 0, 0, 0),
	(155020, 871, 0, 0, 0, 0),
	(155020, 17068, 0, 0, 0, 0),
	(155020, 18827, 0, 0, 0, 0),
	(155020, 18828, 0, 0, 0, 0),
	(155020, 19362, 0, 0, 0, 0),
	(155020, 19363, 0, 0, 0, 0),
	(155020, 19852, 0, 0, 0, 0),
	(155020, 21242, 0, 0, 0, 0),
	(155020, 21392, 0, 0, 0, 0),
	(155020, 21401, 0, 0, 0, 0),
	(155020, 22816, 0, 0, 0, 0),
	(155020, 23542, 0, 0, 0, 0),
	(155020, 28308, 0, 0, 0, 0),
	(155020, 28309, 0, 0, 0, 0),
	(155020, 28431, 0, 0, 0, 0),
	(155020, 28432, 0, 0, 0, 0),
	(155020, 28433, 0, 0, 0, 0),
	(155020, 28767, 0, 0, 0, 0),
	(155020, 29165, 0, 0, 0, 0),
	(155020, 29924, 0, 0, 0, 0),
	(155020, 32236, 0, 0, 0, 0),
	(155020, 32254, 0, 0, 0, 0),
	(155020, 33476, 0, 0, 0, 0),
	(155020, 34616, 0, 0, 0, 0),
	(155021, 18202, 0, 0, 0, 0),
	(155021, 18203, 0, 0, 0, 0),
	(155021, 18843, 0, 0, 0, 0),
	(155021, 18844, 0, 0, 0, 0),
	(155021, 18847, 0, 0, 0, 0),
	(155021, 18848, 0, 0, 0, 0),
	(155021, 19365, 0, 0, 0, 0),
	(155021, 19896, 0, 0, 0, 0),
	(155021, 19910, 0, 0, 0, 0),
	(155021, 21673, 0, 0, 0, 0),
	(155021, 23242, 0, 0, 0, 0),
	(155021, 28313, 0, 0, 0, 0),
	(155021, 28314, 0, 0, 0, 0),
	(155021, 28584, 0, 0, 0, 0),
	(155021, 29348, 0, 0, 0, 0),
	(155021, 29948, 0, 0, 0, 0),
	(155021, 32944, 0, 0, 0, 0),
	(155021, 32945, 0, 0, 0, 0),
	(155021, 32946, 0, 0, 0, 0),
	(155021, 33495, 0, 0, 0, 0),
	(155021, 33640, 0, 0, 0, 0),
	(155021, 34346, 0, 0, 0, 0),
	(155022, 2163, 0, 0, 0, 0),
	(155022, 2164, 0, 0, 0, 0),
	(155022, 12590, 0, 0, 0, 0),
	(155022, 14555, 0, 0, 0, 0),
	(155022, 17070, 0, 0, 0, 0),
	(155022, 17071, 0, 0, 0, 0),
	(155022, 17142, 0, 0, 0, 0),
	(155022, 17780, 0, 0, 0, 0),
	(155022, 18805, 0, 0, 0, 0),
	(155022, 18816, 0, 0, 0, 0),
	(155022, 18838, 0, 0, 0, 0),
	(155022, 18840, 0, 0, 0, 0),
	(155022, 18878, 0, 0, 0, 0),
	(155022, 19166, 0, 0, 0, 0),
	(155022, 19324, 0, 0, 0, 0),
	(155022, 19346, 0, 0, 0, 0),
	(155022, 19347, 0, 0, 0, 0),
	(155022, 19859, 0, 0, 0, 0),
	(155022, 19903, 0, 0, 0, 0),
	(155022, 20070, 0, 0, 0, 0),
	(155022, 20214, 0, 0, 0, 0),
	(155022, 20578, 0, 0, 0, 0),
	(155022, 21126, 0, 0, 0, 0),
	(155022, 21244, 0, 0, 0, 0),
	(155022, 21404, 0, 0, 0, 0),
	(155022, 21416, 0, 0, 0, 0),
	(155022, 21498, 0, 0, 0, 0),
	(155022, 21522, 0, 0, 0, 0),
	(155022, 21523, 0, 0, 0, 0),
	(155022, 22802, 0, 0, 0, 0),
	(155022, 22803, 0, 0, 0, 0),
	(155022, 22804, 0, 0, 0, 0),
	(155022, 23044, 0, 0, 0, 0),
	(155022, 23451, 0, 0, 0, 0),
	(155022, 23458, 0, 0, 0, 0),
	(155022, 23466, 0, 0, 0, 0),
	(155022, 23554, 0, 0, 0, 0),
	(155022, 23555, 0, 0, 0, 0),
	(155022, 28297, 0, 0, 0, 0),
	(155022, 28310, 0, 0, 0, 0),
	(155022, 28312, 0, 0, 0, 0),
	(155022, 28524, 0, 0, 0, 0),
	(155022, 28572, 0, 0, 0, 0),
	(155022, 28768, 0, 0, 0, 0),
	(155022, 28770, 0, 0, 0, 0),
	(155022, 29121, 0, 0, 0, 0),
	(155022, 29125, 0, 0, 0, 0),
	(155022, 29182, 0, 0, 0, 0),
	(155022, 29275, 0, 0, 0, 0),
	(155022, 29346, 0, 0, 0, 0),
	(155022, 29360, 0, 0, 0, 0),
	(155022, 29962, 0, 0, 0, 0),
	(155022, 30103, 0, 0, 0, 0),
	(155022, 30723, 0, 0, 0, 0),
	(155022, 30865, 0, 0, 0, 0),
	(155022, 30901, 0, 0, 0, 0),
	(155022, 31331, 0, 0, 0, 0),
	(155022, 32237, 0, 0, 0, 0),
	(155022, 32269, 0, 0, 0, 0),
	(155022, 32471, 0, 0, 0, 0),
	(155022, 33298, 0, 0, 0, 0),
	(155022, 33354, 0, 0, 0, 0),
	(155022, 33389, 0, 0, 0, 0),
	(155022, 33493, 0, 0, 0, 0),
	(155022, 34165, 0, 0, 0, 0),
	(155022, 34197, 0, 0, 0, 0),
	(155022, 34604, 0, 0, 0, 0),
	(155022, 34606, 0, 0, 0, 0),
	(155023, 47907, 0, 0, 0, 0),
	(155023, 47975, 0, 0, 0, 0),
	(155023, 48052, 0, 0, 0, 0),
	(155023, 48422, 0, 0, 0, 0),
	(155023, 49981, 0, 0, 0, 0),
	(155023, 50262, 0, 0, 0, 0),
	(155023, 51411, 0, 0, 0, 0),
	(155023, 51412, 0, 0, 0, 0),
	(155023, 51802, 0, 0, 0, 0),
	(155024, 17077, 0, 0, 0, 0),
	(155024, 19130, 0, 0, 0, 0),
	(155024, 19367, 0, 0, 0, 0),
	(155024, 19435, 0, 0, 0, 0),
	(155024, 19861, 0, 0, 0, 0),
	(155024, 19927, 0, 0, 0, 0),
	(155024, 21603, 0, 0, 0, 0),
	(155024, 22820, 0, 0, 0, 0),
	(155024, 22821, 0, 0, 0, 0),
	(155024, 23009, 0, 0, 0, 0),
	(155024, 28320, 0, 0, 0, 0),
	(155024, 28588, 0, 0, 0, 0),
	(155024, 28673, 0, 0, 0, 0),
	(155024, 28783, 0, 0, 0, 0),
	(155024, 29350, 0, 0, 0, 0),
	(155024, 29982, 0, 0, 0, 0),
	(155024, 30080, 0, 0, 0, 0),
	(155024, 32343, 0, 0, 0, 0),
	(155024, 32363, 0, 0, 0, 0),
	(155024, 34347, 0, 0, 0, 0),
	(155024, 34348, 0, 0, 0, 0),
	(155025, 18403, 0, 0, 0, 0),
	(155025, 18543, 0, 0, 0, 0),
	(155025, 18813, 0, 0, 0, 0),
	(155025, 18821, 0, 0, 0, 0),
	(155025, 18879, 0, 0, 0, 0),
	(155025, 18970, 0, 0, 0, 0),
	(155025, 19138, 0, 0, 0, 0),
	(155025, 19140, 0, 0, 0, 0),
	(155025, 19147, 0, 0, 0, 0),
	(155025, 19325, 0, 0, 0, 0),
	(155025, 19376, 0, 0, 0, 0),
	(155025, 19382, 0, 0, 0, 0),
	(155025, 19384, 0, 0, 0, 0),
	(155025, 19397, 0, 0, 0, 0),
	(155025, 19403, 0, 0, 0, 0),
	(155025, 19432, 0, 0, 0, 0),
	(155025, 19434, 0, 0, 0, 0),
	(155025, 20600, 0, 0, 0, 0),
	(155025, 20624, 0, 0, 0, 0),
	(155025, 20632, 0, 0, 0, 0),
	(155025, 20682, 0, 0, 0, 0),
	(155025, 21189, 0, 0, 0, 0),
	(155025, 21190, 0, 0, 0, 0),
	(155025, 21196, 0, 0, 0, 0),
	(155025, 21197, 0, 0, 0, 0),
	(155025, 21198, 0, 0, 0, 0),
	(155025, 21199, 0, 0, 0, 0),
	(155025, 21200, 0, 0, 0, 0),
	(155025, 21201, 0, 0, 0, 0),
	(155025, 21202, 0, 0, 0, 0),
	(155025, 21203, 0, 0, 0, 0),
	(155025, 21204, 0, 0, 0, 0),
	(155025, 23059, 0, 0, 0, 0),
	(155025, 23060, 0, 0, 0, 0),
	(155025, 23062, 0, 0, 0, 0),
	(155025, 23063, 0, 0, 0, 0),
	(155025, 23064, 0, 0, 0, 0),
	(155025, 23065, 0, 0, 0, 0),
	(155025, 23066, 0, 0, 0, 0),
	(155025, 23067, 0, 0, 0, 0),
	(155025, 28791, 0, 0, 0, 0),
	(155025, 28792, 0, 0, 0, 0),
	(155025, 28793, 0, 0, 0, 0),
	(155025, 31919, 0, 0, 0, 0),
	(155025, 31920, 0, 0, 0, 0),
	(155025, 31921, 0, 0, 0, 0),
	(155025, 31922, 0, 0, 0, 0),
	(155025, 31923, 0, 0, 0, 0),
	(155025, 31924, 0, 0, 0, 0),
	(155025, 32081, 0, 0, 0, 0),
	(155042, 40175, 0, 0, 0, 0),
	(155042, 32227, 0, 0, 0, 0),
	(155042, 45882, 0, 0, 0, 0),
	(155042, 32204, 0, 0, 0, 0),
	(155042, 42148, 0, 0, 0, 0),
	(155042, 41395, 0, 0, 0, 0),
	(155042, 45862, 0, 0, 0, 0),
	(155042, 42142, 0, 0, 0, 0),
	(155042, 41389, 0, 0, 0, 0),
	(155025, 32238, 0, 0, 0, 0),
	(155025, 32247, 0, 0, 0, 0),
	(155042, 40162, 0, 0, 0, 0),
	(155025, 32261, 0, 0, 0, 0),
	(155025, 32266, 0, 0, 0, 0),
	(155025, 32335, 0, 0, 0, 0),
	(155025, 32497, 0, 0, 0, 0),
	(155025, 32526, 0, 0, 0, 0),
	(155025, 32527, 0, 0, 0, 0),
	(155025, 32528, 0, 0, 0, 0),
	(155025, 32941, 0, 0, 0, 0),
	(155025, 32942, 0, 0, 0, 0),
	(155025, 33054, 0, 0, 0, 0),
	(155025, 33055, 0, 0, 0, 0),
	(155025, 33058, 0, 0, 0, 0),
	(155025, 33293, 0, 0, 0, 0),
	(155025, 33496, 0, 0, 0, 0),
	(155025, 33497, 0, 0, 0, 0),
	(155025, 33498, 0, 0, 0, 0),
	(155025, 33499, 0, 0, 0, 0),
	(155025, 34166, 0, 0, 0, 0),
	(155025, 34189, 0, 0, 0, 0),
	(155025, 34227, 0, 0, 0, 0),
	(155025, 34361, 0, 0, 0, 0),
	(155025, 34362, 0, 0, 0, 0),
	(155025, 34363, 0, 0, 0, 0),
	(155025, 34625, 0, 0, 0, 0),
	(155025, 34837, 0, 0, 0, 0),
	(155025, 35733, 0, 0, 0, 0),
	(155026, 1168, 0, 0, 0, 0),
	(155026, 1169, 0, 0, 0, 0),
	(155026, 1204, 0, 0, 0, 0),
	(155026, 1979, 0, 0, 0, 0),
	(155026, 17066, 0, 0, 0, 0),
	(155026, 17106, 0, 0, 0, 0),
	(155026, 18168, 0, 0, 0, 0),
	(155026, 18825, 0, 0, 0, 0),
	(155026, 18826, 0, 0, 0, 0),
	(155026, 19321, 0, 0, 0, 0),
	(155026, 19348, 0, 0, 0, 0),
	(155026, 19349, 0, 0, 0, 0),
	(155026, 19862, 0, 0, 0, 0),
	(155026, 20688, 0, 0, 0, 0),
	(155026, 21269, 0, 0, 0, 0),
	(155026, 21485, 0, 0, 0, 0),
	(155026, 21610, 0, 0, 0, 0),
	(155026, 22198, 0, 0, 0, 0),
	(155026, 22818, 0, 0, 0, 0),
	(155026, 22819, 0, 0, 0, 0),
	(155026, 23043, 0, 0, 0, 0),
	(155026, 23075, 0, 0, 0, 0),
	(155026, 23238, 0, 0, 0, 0),
	(155026, 28358, 0, 0, 0, 0),
	(155026, 28606, 0, 0, 0, 0),
	(155026, 28611, 0, 0, 0, 0),
	(155026, 28754, 0, 0, 0, 0),
	(155026, 28825, 0, 0, 0, 0),
	(155026, 29176, 0, 0, 0, 0),
	(155026, 29266, 0, 0, 0, 0),
	(155026, 29267, 0, 0, 0, 0),
	(155026, 29268, 0, 0, 0, 0),
	(155026, 29458, 0, 0, 0, 0),
	(155027, 833, 0, 0, 0, 0),
	(155027, 13503, 0, 0, 0, 0),
	(155027, 14557, 0, 0, 0, 0),
	(155027, 17064, 0, 0, 0, 0),
	(155027, 17082, 0, 0, 0, 0),
	(155027, 17904, 0, 0, 0, 0),
	(155027, 17909, 0, 0, 0, 0),
	(155027, 18406, 0, 0, 0, 0),
	(155027, 18646, 0, 0, 0, 0),
	(155027, 18665, 0, 0, 0, 0),
	(155027, 18815, 0, 0, 0, 0),
	(155027, 18820, 0, 0, 0, 0),
	(155027, 19287, 0, 0, 0, 0),
	(155027, 19288, 0, 0, 0, 0),
	(155027, 19289, 0, 0, 0, 0),
	(155027, 19290, 0, 0, 0, 0),
	(155027, 19336, 0, 0, 0, 0),
	(155027, 19337, 0, 0, 0, 0),
	(155027, 19339, 0, 0, 0, 0),
	(155027, 19340, 0, 0, 0, 0),
	(155027, 19341, 0, 0, 0, 0),
	(155027, 19342, 0, 0, 0, 0),
	(155027, 19343, 0, 0, 0, 0),
	(155027, 19344, 0, 0, 0, 0),
	(155027, 19345, 0, 0, 0, 0),
	(155027, 19379, 0, 0, 0, 0),
	(155027, 19395, 0, 0, 0, 0),
	(155027, 19406, 0, 0, 0, 0),
	(155027, 19431, 0, 0, 0, 0),
	(155027, 19948, 0, 0, 0, 0),
	(155027, 19949, 0, 0, 0, 0),
	(155027, 19950, 0, 0, 0, 0),
	(155027, 19951, 0, 0, 0, 0),
	(155027, 19952, 0, 0, 0, 0),
	(155027, 19953, 0, 0, 0, 0),
	(155027, 19954, 0, 0, 0, 0),
	(155027, 19955, 0, 0, 0, 0),
	(155027, 19956, 0, 0, 0, 0),
	(155027, 19957, 0, 0, 0, 0),
	(155027, 19958, 0, 0, 0, 0),
	(155027, 19959, 0, 0, 0, 0),
	(155027, 20636, 0, 0, 0, 0),
	(155027, 21180, 0, 0, 0, 0),
	(155027, 21326, 0, 0, 0, 0),
	(155027, 21579, 0, 0, 0, 0),
	(155027, 21625, 0, 0, 0, 0),
	(155027, 21647, 0, 0, 0, 0),
	(155027, 21670, 0, 0, 0, 0),
	(155027, 21685, 0, 0, 0, 0),
	(155027, 21891, 0, 0, 0, 0),
	(155027, 22678, 0, 0, 0, 0),
	(155027, 22954, 0, 0, 0, 0),
	(155027, 23001, 0, 0, 0, 0),
	(155027, 23027, 0, 0, 0, 0),
	(155027, 23040, 0, 0, 0, 0),
	(155027, 23041, 0, 0, 0, 0),
	(155027, 23042, 0, 0, 0, 0),
	(155027, 23046, 0, 0, 0, 0),
	(155027, 23047, 0, 0, 0, 0),
	(155027, 23206, 0, 0, 0, 0),
	(155027, 23207, 0, 0, 0, 0),
	(155027, 23558, 0, 0, 0, 0),
	(155027, 23570, 0, 0, 0, 0),
	(155027, 24551, 0, 0, 0, 0),
	(155027, 25829, 0, 0, 0, 0),
	(155027, 28528, 0, 0, 0, 0),
	(155027, 28579, 0, 0, 0, 0),
	(155027, 28590, 0, 0, 0, 0),
	(155027, 28727, 0, 0, 0, 0),
	(155027, 28785, 0, 0, 0, 0),
	(155027, 28789, 0, 0, 0, 0),
	(155027, 28823, 0, 0, 0, 0),
	(155027, 28830, 0, 0, 0, 0),
	(155027, 29181, 0, 0, 0, 0),
	(155027, 29370, 0, 0, 0, 0),
	(155027, 29376, 0, 0, 0, 0),
	(155027, 29383, 0, 0, 0, 0),
	(155027, 29387, 0, 0, 0, 0),
	(155027, 30446, 0, 0, 0, 0),
	(155027, 30447, 0, 0, 0, 0),
	(155027, 30448, 0, 0, 0, 0),
	(155027, 30449, 0, 0, 0, 0),
	(155027, 30450, 0, 0, 0, 0),
	(155027, 30619, 0, 0, 0, 0),
	(155027, 30620, 0, 0, 0, 0),
	(155027, 30621, 0, 0, 0, 0),
	(155027, 30626, 0, 0, 0, 0),
	(155027, 30627, 0, 0, 0, 0),
	(155027, 30629, 0, 0, 0, 0),
	(155027, 30663, 0, 0, 0, 0),
	(155027, 30664, 0, 0, 0, 0),
	(155027, 30665, 0, 0, 0, 0),
	(155027, 30720, 0, 0, 0, 0),
	(155027, 31113, 0, 0, 0, 0),
	(155027, 31856, 0, 0, 0, 0),
	(155027, 31857, 0, 0, 0, 0),
	(155027, 31858, 0, 0, 0, 0),
	(155027, 31859, 0, 0, 0, 0),
	(155027, 32483, 0, 0, 0, 0),
	(155027, 32485, 0, 0, 0, 0),
	(155027, 32486, 0, 0, 0, 0),
	(155027, 32487, 0, 0, 0, 0),
	(155027, 32488, 0, 0, 0, 0),
	(155027, 32489, 0, 0, 0, 0),
	(155027, 32490, 0, 0, 0, 0),
	(155027, 32491, 0, 0, 0, 0),
	(155027, 32492, 0, 0, 0, 0),
	(155027, 32493, 0, 0, 0, 0),
	(155027, 32496, 0, 0, 0, 0),
	(155027, 32501, 0, 0, 0, 0),
	(155027, 32505, 0, 0, 0, 0),
	(155027, 32770, 0, 0, 0, 0),
	(155027, 32771, 0, 0, 0, 0),
	(155027, 33828, 0, 0, 0, 0),
	(155027, 33829, 0, 0, 0, 0),
	(155027, 33830, 0, 0, 0, 0),
	(155027, 33831, 0, 0, 0, 0),
	(155027, 34029, 0, 0, 0, 0),
	(155027, 34470, 0, 0, 0, 0),
	(155027, 34471, 0, 0, 0, 0),
	(155027, 34472, 0, 0, 0, 0),
	(155027, 34473, 0, 0, 0, 0),
	(155027, 35693, 0, 0, 0, 0),
	(155027, 35694, 0, 0, 0, 0),
	(155027, 35700, 0, 0, 0, 0),
	(155027, 35702, 0, 0, 0, 0),
	(155027, 35703, 0, 0, 0, 0),
	(155027, 35748, 0, 0, 0, 0),
	(155027, 35749, 0, 0, 0, 0),
	(155027, 35750, 0, 0, 0, 0),
	(155027, 35751, 0, 0, 0, 0),
	(155028, 1315, 0, 0, 0, 0),
	(155028, 1443, 0, 0, 0, 0),
	(155028, 14558, 0, 0, 0, 0),
	(155028, 17065, 0, 0, 0, 0),
	(155028, 17109, 0, 0, 0, 0),
	(155028, 17111, 0, 0, 0, 0),
	(155028, 18205, 0, 0, 0, 0),
	(155028, 18404, 0, 0, 0, 0),
	(155028, 18814, 0, 0, 0, 0),
	(155028, 19371, 0, 0, 0, 0),
	(155028, 19377, 0, 0, 0, 0),
	(155028, 19383, 0, 0, 0, 0),
	(155028, 19426, 0, 0, 0, 0),
	(155028, 19491, 0, 0, 0, 0),
	(155028, 19577, 0, 0, 0, 0),
	(155028, 19588, 0, 0, 0, 0),
	(155028, 19594, 0, 0, 0, 0),
	(155028, 19601, 0, 0, 0, 0),
	(155028, 19605, 0, 0, 0, 0),
	(155028, 19609, 0, 0, 0, 0),
	(155028, 19613, 0, 0, 0, 0),
	(155028, 19617, 0, 0, 0, 0),
	(155028, 19621, 0, 0, 0, 0),
	(155028, 19856, 0, 0, 0, 0),
	(155028, 19876, 0, 0, 0, 0),
	(155028, 19885, 0, 0, 0, 0),
	(155028, 20622, 0, 0, 0, 0),
	(155028, 20685, 0, 0, 0, 0),
	(155028, 21504, 0, 0, 0, 0),
	(155028, 21505, 0, 0, 0, 0),
	(155028, 21506, 0, 0, 0, 0),
	(155028, 21507, 0, 0, 0, 0),
	(155028, 21529, 0, 0, 0, 0),
	(155028, 21531, 0, 0, 0, 0),
	(155028, 21608, 0, 0, 0, 0),
	(155028, 21664, 0, 0, 0, 0),
	(155028, 21678, 0, 0, 0, 0),
	(155028, 21690, 0, 0, 0, 0),
	(155028, 21700, 0, 0, 0, 0),
	(155028, 21702, 0, 0, 0, 0),
	(155028, 21712, 0, 0, 0, 0),
	(155028, 22657, 0, 0, 0, 0),
	(155028, 22659, 0, 0, 0, 0),
	(155028, 22732, 0, 0, 0, 0),
	(155028, 22935, 0, 0, 0, 0),
	(155028, 22943, 0, 0, 0, 0),
	(155028, 22947, 0, 0, 0, 0),
	(155028, 22981, 0, 0, 0, 0),
	(155028, 23023, 0, 0, 0, 0),
	(155028, 23036, 0, 0, 0, 0),
	(155028, 23053, 0, 0, 0, 0),
	(155028, 23057, 0, 0, 0, 0),
	(155028, 28244, 0, 0, 0, 0),
	(155028, 28245, 0, 0, 0, 0),
	(155028, 28509, 0, 0, 0, 0),
	(155028, 28516, 0, 0, 0, 0),
	(155028, 28530, 0, 0, 0, 0),
	(155028, 28609, 0, 0, 0, 0),
	(155028, 28674, 0, 0, 0, 0),
	(155028, 28731, 0, 0, 0, 0),
	(155028, 28745, 0, 0, 0, 0),
	(155028, 28762, 0, 0, 0, 0),
	(155028, 28822, 0, 0, 0, 0),
	(155028, 29119, 0, 0, 0, 0),
	(155028, 29123, 0, 0, 0, 0),
	(155028, 29347, 0, 0, 0, 0),
	(155028, 29349, 0, 0, 0, 0),
	(155028, 29368, 0, 0, 0, 0),
	(155028, 29374, 0, 0, 0, 0),
	(155028, 29381, 0, 0, 0, 0),
	(155028, 29386, 0, 0, 0, 0),
	(155028, 30007, 0, 0, 0, 0),
	(155028, 30008, 0, 0, 0, 0),
	(155028, 30015, 0, 0, 0, 0),
	(155028, 30017, 0, 0, 0, 0),
	(155028, 30018, 0, 0, 0, 0),
	(155028, 30022, 0, 0, 0, 0),
	(155028, 30059, 0, 0, 0, 0),
	(155028, 30099, 0, 0, 0, 0),
	(155028, 30666, 0, 0, 0, 0),
	(155028, 30726, 0, 0, 0, 0),
	(155028, 31321, 0, 0, 0, 0),
	(155028, 31338, 0, 0, 0, 0),
	(155028, 32260, 0, 0, 0, 0),
	(155028, 32349, 0, 0, 0, 0),
	(155028, 32362, 0, 0, 0, 0),
	(155028, 32370, 0, 0, 0, 0),
	(155028, 32589, 0, 0, 0, 0),
	(155028, 32591, 0, 0, 0, 0),
	(155028, 33281, 0, 0, 0, 0),
	(155028, 33297, 0, 0, 0, 0),
	(155028, 33466, 0, 0, 0, 0),
	(155028, 34177, 0, 0, 0, 0),
	(155028, 34178, 0, 0, 0, 0),
	(155028, 34184, 0, 0, 0, 0),
	(155028, 34358, 0, 0, 0, 0),
	(155028, 34359, 0, 0, 0, 0),
	(155028, 34360, 0, 0, 0, 0),
	(155028, 34677, 0, 0, 0, 0),
	(155028, 34678, 0, 0, 0, 0),
	(155028, 34679, 0, 0, 0, 0),
	(155028, 34680, 0, 0, 0, 0),
	(155029, 3475, 0, 0, 0, 0),
	(155029, 17078, 0, 0, 0, 0),
	(155029, 17102, 0, 0, 0, 0),
	(155029, 17107, 0, 0, 0, 0),
	(155029, 18204, 0, 0, 0, 0),
	(155029, 18208, 0, 0, 0, 0),
	(155029, 18509, 0, 0, 0, 0),
	(155029, 18510, 0, 0, 0, 0),
	(155029, 18511, 0, 0, 0, 0),
	(155029, 18541, 0, 0, 0, 0),
	(155029, 18811, 0, 0, 0, 0),
	(155029, 19378, 0, 0, 0, 0),
	(155029, 19386, 0, 0, 0, 0),
	(155029, 19398, 0, 0, 0, 0),
	(155029, 19430, 0, 0, 0, 0),
	(155029, 19436, 0, 0, 0, 0),
	(155029, 19857, 0, 0, 0, 0),
	(155029, 20068, 0, 0, 0, 0),
	(155029, 20073, 0, 0, 0, 0),
	(155029, 20579, 0, 0, 0, 0),
	(155029, 20691, 0, 0, 0, 0),
	(155029, 21394, 0, 0, 0, 0),
	(155029, 21397, 0, 0, 0, 0),
	(155029, 21400, 0, 0, 0, 0),
	(155029, 21403, 0, 0, 0, 0),
	(155029, 21406, 0, 0, 0, 0),
	(155029, 21409, 0, 0, 0, 0),
	(155029, 21412, 0, 0, 0, 0),
	(155029, 21415, 0, 0, 0, 0),
	(155029, 21418, 0, 0, 0, 0),
	(155029, 21456, 0, 0, 0, 0),
	(155029, 21583, 0, 0, 0, 0),
	(155029, 21621, 0, 0, 0, 0),
	(155029, 21627, 0, 0, 0, 0),
	(155029, 21697, 0, 0, 0, 0),
	(155029, 21701, 0, 0, 0, 0),
	(155029, 21710, 0, 0, 0, 0),
	(155029, 22658, 0, 0, 0, 0),
	(155029, 22731, 0, 0, 0, 0),
	(155029, 22938, 0, 0, 0, 0),
	(155029, 22960, 0, 0, 0, 0),
	(155029, 23017, 0, 0, 0, 0),
	(155029, 23030, 0, 0, 0, 0),
	(155029, 23045, 0, 0, 0, 0),
	(155029, 23050, 0, 0, 0, 0),
	(155029, 24258, 0, 0, 0, 0),
	(155029, 24259, 0, 0, 0, 0),
	(155029, 24260, 0, 0, 0, 0),
	(155029, 28377, 0, 0, 0, 0),
	(155029, 28378, 0, 0, 0, 0),
	(155029, 28379, 0, 0, 0, 0),
	(155029, 28380, 0, 0, 0, 0),
	(155029, 28529, 0, 0, 0, 0),
	(155029, 28570, 0, 0, 0, 0),
	(155029, 28582, 0, 0, 0, 0),
	(155029, 28653, 0, 0, 0, 0),
	(155029, 28660, 0, 0, 0, 0),
	(155029, 28672, 0, 0, 0, 0),
	(155029, 28764, 0, 0, 0, 0),
	(155029, 28765, 0, 0, 0, 0),
	(155029, 28766, 0, 0, 0, 0),
	(155029, 28777, 0, 0, 0, 0),
	(155029, 28797, 0, 0, 0, 0),
	(155029, 29354, 0, 0, 0, 0),
	(155029, 29369, 0, 0, 0, 0),
	(155029, 29375, 0, 0, 0, 0),
	(155029, 29382, 0, 0, 0, 0),
	(155029, 29385, 0, 0, 0, 0),
	(155029, 29925, 0, 0, 0, 0),
	(155029, 29989, 0, 0, 0, 0),
	(155029, 29992, 0, 0, 0, 0),
	(155029, 29994, 0, 0, 0, 0),
	(155029, 30098, 0, 0, 0, 0),
	(155029, 30642, 0, 0, 0, 0),
	(155029, 30729, 0, 0, 0, 0),
	(155029, 30735, 0, 0, 0, 0),
	(155029, 31329, 0, 0, 0, 0),
	(155029, 32323, 0, 0, 0, 0),
	(155029, 32331, 0, 0, 0, 0),
	(155029, 32337, 0, 0, 0, 0),
	(155029, 32420, 0, 0, 0, 0),
	(155029, 32524, 0, 0, 0, 0),
	(155029, 32540, 0, 0, 0, 0),
	(155029, 32541, 0, 0, 0, 0),
	(155029, 32590, 0, 0, 0, 0),
	(155029, 33122, 0, 0, 0, 0),
	(155029, 33590, 0, 0, 0, 0),
	(155029, 33591, 0, 0, 0, 0),
	(155029, 33592, 0, 0, 0, 0),
	(155029, 34010, 0, 0, 0, 0),
	(155029, 34012, 0, 0, 0, 0),
	(155029, 34810, 0, 0, 0, 0),
	(155030, 22345, 0, 0, 0, 0),
	(155030, 22395, 0, 0, 0, 0),
	(155030, 22396, 0, 0, 0, 0),
	(155030, 22397, 0, 0, 0, 0),
	(155030, 22398, 0, 0, 0, 0),
	(155030, 22399, 0, 0, 0, 0),
	(155030, 22400, 0, 0, 0, 0),
	(155030, 22401, 0, 0, 0, 0),
	(155030, 22402, 0, 0, 0, 0),
	(155030, 23004, 0, 0, 0, 0),
	(155030, 23005, 0, 0, 0, 0),
	(155030, 23006, 0, 0, 0, 0),
	(155030, 23197, 0, 0, 0, 0),
	(155030, 23198, 0, 0, 0, 0),
	(155030, 23199, 0, 0, 0, 0),
	(155030, 23200, 0, 0, 0, 0),
	(155030, 23201, 0, 0, 0, 0),
	(155030, 23203, 0, 0, 0, 0),
	(155030, 24386, 0, 0, 0, 0),
	(155030, 24413, 0, 0, 0, 0),
	(155030, 25643, 0, 0, 0, 0),
	(155030, 25644, 0, 0, 0, 0),
	(155030, 25645, 0, 0, 0, 0),
	(155030, 25940, 0, 0, 0, 0),
	(155030, 27484, 0, 0, 0, 0),
	(155030, 27518, 0, 0, 0, 0),
	(155030, 27544, 0, 0, 0, 0),
	(155030, 27744, 0, 0, 0, 0),
	(155030, 27815, 0, 0, 0, 0),
	(155030, 27886, 0, 0, 0, 0),
	(155030, 27917, 0, 0, 0, 0),
	(155030, 27947, 0, 0, 0, 0),
	(155030, 27949, 0, 0, 0, 0),
	(155030, 27983, 0, 0, 0, 0),
	(155030, 27984, 0, 0, 0, 0),
	(155030, 27989, 0, 0, 0, 0),
	(155030, 27990, 0, 0, 0, 0),
	(155030, 28064, 0, 0, 0, 0),
	(155030, 28065, 0, 0, 0, 0),
	(155030, 28066, 0, 0, 0, 0),
	(155030, 28248, 0, 0, 0, 0),
	(155030, 28296, 0, 0, 0, 0),
	(155030, 28355, 0, 0, 0, 0),
	(155030, 28356, 0, 0, 0, 0),
	(155030, 28357, 0, 0, 0, 0),
	(155030, 28372, 0, 0, 0, 0),
	(155030, 28523, 0, 0, 0, 0),
	(155030, 28568, 0, 0, 0, 0),
	(155030, 28592, 0, 0, 0, 0),
	(155030, 29388, 0, 0, 0, 0),
	(155030, 29389, 0, 0, 0, 0),
	(155030, 29390, 0, 0, 0, 0),
	(155030, 30023, 0, 0, 0, 0),
	(155030, 30051, 0, 0, 0, 0),
	(155030, 30063, 0, 0, 0, 0),
	(155030, 31025, 0, 0, 0, 0),
	(155030, 31031, 0, 0, 0, 0),
	(155030, 31033, 0, 0, 0, 0),
	(155030, 32257, 0, 0, 0, 0),
	(155030, 32330, 0, 0, 0, 0),
	(155030, 32368, 0, 0, 0, 0),
	(155030, 32387, 0, 0, 0, 0),
	(155031, 27465, 0, 0, 0, 0),
	(155031, 27468, 0, 0, 0, 0),
	(155031, 27474, 0, 0, 0, 0),
	(155031, 27475, 0, 0, 0, 0),
	(155031, 27497, 0, 0, 0, 0),
	(155031, 27508, 0, 0, 0, 0),
	(155031, 27509, 0, 0, 0, 0),
	(155031, 27510, 0, 0, 0, 0),
	(155031, 27528, 0, 0, 0, 0),
	(155031, 27531, 0, 0, 0, 0),
	(155031, 27535, 0, 0, 0, 0),
	(155031, 27536, 0, 0, 0, 0),
	(155031, 27537, 0, 0, 0, 0),
	(155031, 27713, 0, 0, 0, 0),
	(155031, 27737, 0, 0, 0, 0),
	(155031, 27738, 0, 0, 0, 0),
	(155031, 27739, 0, 0, 0, 0),
	(155031, 27771, 0, 0, 0, 0),
	(155031, 27775, 0, 0, 0, 0),
	(155031, 27776, 0, 0, 0, 0),
	(155031, 27778, 0, 0, 0, 0),
	(155031, 27796, 0, 0, 0, 0),
	(155031, 27797, 0, 0, 0, 0),
	(155031, 27801, 0, 0, 0, 0),
	(155031, 27802, 0, 0, 0, 0),
	(155031, 27803, 0, 0, 0, 0),
	(155031, 27837, 0, 0, 0, 0),
	(155031, 27838, 0, 0, 0, 0),
	(155031, 27839, 0, 0, 0, 0),
	(155031, 27870, 0, 0, 0, 0),
	(155031, 27873, 0, 0, 0, 0),
	(155031, 27874, 0, 0, 0, 0),
	(155031, 27875, 0, 0, 0, 0),
	(155031, 27907, 0, 0, 0, 0),
	(155031, 27908, 0, 0, 0, 0),
	(155031, 27909, 0, 0, 0, 0),
	(155031, 27936, 0, 0, 0, 0),
	(155031, 27948, 0, 0, 0, 0),
	(155031, 27977, 0, 0, 0, 0),
	(155031, 28191, 0, 0, 0, 0),
	(155031, 28192, 0, 0, 0, 0),
	(155031, 28193, 0, 0, 0, 0),
	(155031, 28202, 0, 0, 0, 0),
	(155031, 28203, 0, 0, 0, 0),
	(155031, 28204, 0, 0, 0, 0),
	(155031, 28205, 0, 0, 0, 0),
	(155031, 28224, 0, 0, 0, 0),
	(155031, 28225, 0, 0, 0, 0),
	(155031, 28228, 0, 0, 0, 0),
	(155031, 28229, 0, 0, 0, 0),
	(155031, 28230, 0, 0, 0, 0),
	(155031, 28231, 0, 0, 0, 0),
	(155031, 28232, 0, 0, 0, 0),
	(155031, 28264, 0, 0, 0, 0),
	(155031, 28275, 0, 0, 0, 0),
	(155031, 28278, 0, 0, 0, 0),
	(155031, 28285, 0, 0, 0, 0),
	(155031, 28348, 0, 0, 0, 0),
	(155031, 28349, 0, 0, 0, 0),
	(155031, 28350, 0, 0, 0, 0),
	(155031, 28401, 0, 0, 0, 0),
	(155031, 28403, 0, 0, 0, 0),
	(155031, 28413, 0, 0, 0, 0),
	(155031, 28414, 0, 0, 0, 0),
	(155031, 28415, 0, 0, 0, 0),
	(155032, 942, 0, 0, 0, 0),
	(155032, 1447, 0, 0, 0, 0),
	(155032, 1980, 0, 0, 0, 0),
	(155032, 2246, 0, 0, 0, 0),
	(155032, 13143, 0, 0, 0, 0),
	(155032, 17063, 0, 0, 0, 0),
	(155032, 17110, 0, 0, 0, 0),
	(155032, 28757, 0, 0, 0, 0),
	(155032, 28763, 0, 0, 0, 0),
	(155032, 28790, 0, 0, 0, 0),
	(155032, 29126, 0, 0, 0, 0),
	(155032, 29172, 0, 0, 0, 0),
	(155032, 29177, 0, 0, 0, 0),
	(155032, 29277, 0, 0, 0, 0),
	(155032, 29278, 0, 0, 0, 0),
	(155032, 29279, 0, 0, 0, 0),
	(155032, 29281, 0, 0, 0, 0),
	(155032, 29282, 0, 0, 0, 0),
	(155032, 29283, 0, 0, 0, 0),
	(155032, 29285, 0, 0, 0, 0),
	(155032, 29286, 0, 0, 0, 0),
	(155032, 29287, 0, 0, 0, 0),
	(155032, 29289, 0, 0, 0, 0),
	(155032, 29290, 0, 0, 0, 0),
	(155032, 29291, 0, 0, 0, 0),
	(155032, 29302, 0, 0, 0, 0),
	(155032, 29352, 0, 0, 0, 0),
	(155032, 29367, 0, 0, 0, 0),
	(155032, 29373, 0, 0, 0, 0),
	(155032, 29379, 0, 0, 0, 0),
	(155032, 29384, 0, 0, 0, 0),
	(155032, 29920, 0, 0, 0, 0),
	(155032, 29922, 0, 0, 0, 0),
	(155032, 29997, 0, 0, 0, 0),
	(155032, 30028, 0, 0, 0, 0),
	(155032, 30052, 0, 0, 0, 0),
	(155032, 30061, 0, 0, 0, 0),
	(155032, 30083, 0, 0, 0, 0),
	(155032, 30109, 0, 0, 0, 0),
	(155032, 30110, 0, 0, 0, 0),
	(155032, 30667, 0, 0, 0, 0),
	(155032, 30736, 0, 0, 0, 0),
	(155032, 30738, 0, 0, 0, 0),
	(155032, 30834, 0, 0, 0, 0),
	(155032, 31319, 0, 0, 0, 0),
	(155032, 31326, 0, 0, 0, 0),
	(155032, 31339, 0, 0, 0, 0),
	(155032, 31398, 0, 0, 0, 0),
	(155032, 31399, 0, 0, 0, 0),
	(155032, 31746, 0, 0, 0, 0),
	(155033, 21205, 0, 0, 0, 0),
	(155033, 21206, 0, 0, 0, 0),
	(155033, 21207, 0, 0, 0, 0),
	(155033, 21208, 0, 0, 0, 0),
	(155033, 21209, 0, 0, 0, 0),
	(155033, 21210, 0, 0, 0, 0),
	(155033, 21393, 0, 0, 0, 0),
	(155033, 21396, 0, 0, 0, 0),
	(155033, 21399, 0, 0, 0, 0),
	(155033, 21402, 0, 0, 0, 0),
	(155033, 21405, 0, 0, 0, 0),
	(155033, 21408, 0, 0, 0, 0),
	(155033, 21411, 0, 0, 0, 0),
	(155033, 21414, 0, 0, 0, 0),
	(155033, 21417, 0, 0, 0, 0),
	(155033, 21526, 0, 0, 0, 0),
	(155033, 21563, 0, 0, 0, 0),
	(155033, 21596, 0, 0, 0, 0),
	(155033, 21601, 0, 0, 0, 0),
	(155033, 21620, 0, 0, 0, 0),
	(155033, 21677, 0, 0, 0, 0),
	(155033, 21681, 0, 0, 0, 0),
	(155033, 21687, 0, 0, 0, 0),
	(155033, 21695, 0, 0, 0, 0),
	(155033, 21707, 0, 0, 0, 0),
	(155033, 21709, 0, 0, 0, 0),
	(155033, 21836, 0, 0, 0, 0),
	(155033, 22707, 0, 0, 0, 0),
	(155033, 22721, 0, 0, 0, 0),
	(155033, 22722, 0, 0, 0, 0),
	(155033, 22939, 0, 0, 0, 0),
	(155033, 22961, 0, 0, 0, 0),
	(155033, 23018, 0, 0, 0, 0),
	(155033, 23025, 0, 0, 0, 0),
	(155033, 23028, 0, 0, 0, 0),
	(155033, 23031, 0, 0, 0, 0),
	(155033, 23037, 0, 0, 0, 0),
	(155033, 23038, 0, 0, 0, 0),
	(155033, 23061, 0, 0, 0, 0),
	(155033, 23237, 0, 0, 0, 0),
	(155033, 28510, 0, 0, 0, 0),
	(155033, 28553, 0, 0, 0, 0),
	(155033, 28555, 0, 0, 0, 0),
	(155033, 28649, 0, 0, 0, 0),
	(155033, 28661, 0, 0, 0, 0),
	(155033, 28675, 0, 0, 0, 0),
	(155033, 28730, 0, 0, 0, 0),
	(155033, 28753, 0, 0, 0, 0),
	(155033, 49990, 0, 0, 0, 0),
	(155034, 28659, 0, 0, 0, 0),
	(155034, 28826, 0, 0, 0, 0),
	(155034, 30025, 0, 0, 0, 0),
	(155034, 32326, 0, 0, 0, 0),
	(155034, 34349, 0, 0, 0, 0),
	(155034, 34603, 0, 0, 0, 0),
	(155034, 34622, 0, 0, 0, 0),
	(155035, 51935, 0, 0, 0, 0),
	(155035, 51931, 0, 0, 0, 0),
	(155035, 51930, 0, 0, 0, 0),
	(155035, 51929, 0, 0, 0, 0),
	(155035, 51920, 0, 0, 0, 0),
	(155035, 51919, 0, 0, 0, 0),
	(155035, 51918, 0, 0, 0, 0),
	(155035, 51914, 0, 0, 0, 0),
	(155035, 51899, 0, 0, 0, 0),
	(155035, 51872, 0, 0, 0, 0),
	(155035, 51856, 0, 0, 0, 0),
	(155035, 51850, 0, 0, 0, 0),
	(155035, 51832, 0, 0, 0, 0),
	(155035, 50997, 0, 0, 0, 0),
	(155035, 50996, 0, 0, 0, 0),
	(155035, 50995, 0, 0, 0, 0),
	(155035, 50994, 0, 0, 0, 0),
	(155035, 50993, 0, 0, 0, 0),
	(155035, 50992, 0, 0, 0, 0),
	(155035, 50991, 0, 0, 0, 0),
	(155035, 50989, 0, 0, 0, 0),
	(155035, 50987, 0, 0, 0, 0),
	(155035, 50451, 0, 0, 0, 0),
	(155035, 50417, 0, 0, 0, 0),
	(155035, 50416, 0, 0, 0, 0),
	(155035, 50413, 0, 0, 0, 0),
	(155035, 50333, 0, 0, 0, 0),
	(155035, 50190, 0, 0, 0, 0),
	(155035, 50187, 0, 0, 0, 0),
	(155035, 50175, 0, 0, 0, 0),
	(155035, 50071, 0, 0, 0, 0),
	(155035, 50069, 0, 0, 0, 0),
	(155035, 50067, 0, 0, 0, 0),
	(155035, 50063, 0, 0, 0, 0),
	(155035, 50062, 0, 0, 0, 0),
	(155035, 50036, 0, 0, 0, 0),
	(155035, 50032, 0, 0, 0, 0),
	(155035, 50030, 0, 0, 0, 0),
	(155035, 50015, 0, 0, 0, 0),
	(155035, 50010, 0, 0, 0, 0),
	(155035, 50009, 0, 0, 0, 0),
	(155035, 50002, 0, 0, 0, 0),
	(155035, 50000, 0, 0, 0, 0),
	(155035, 49994, 0, 0, 0, 0),
	(155035, 49993, 0, 0, 0, 0),
	(155035, 49983, 0, 0, 0, 0),
	(155035, 49978, 0, 0, 0, 0),
	(155035, 49960, 0, 0, 0, 0),
	(155035, 49950, 0, 0, 0, 0),
	(155035, 49907, 0, 0, 0, 0),
	(155035, 49906, 0, 0, 0, 0),
	(155035, 49905, 0, 0, 0, 0),
	(155035, 49897, 0, 0, 0, 0),
	(155035, 49896, 0, 0, 0, 0),
	(155035, 49895, 0, 0, 0, 0),
	(155035, 49894, 0, 0, 0, 0),
	(155035, 49893, 0, 0, 0, 0),
	(155035, 49890, 0, 0, 0, 0),
	(155036, 1132, 0, 0, 0, 0),
	(155036, 2411, 0, 0, 0, 0),
	(155036, 2414, 0, 0, 0, 0),
	(155036, 5655, 0, 0, 0, 0),
	(155036, 5656, 0, 0, 0, 0),
	(155036, 5665, 0, 0, 0, 0),
	(155036, 5668, 0, 0, 0, 0),
	(155036, 5864, 0, 0, 0, 0),
	(155036, 5872, 0, 0, 0, 0),
	(155036, 5873, 0, 0, 0, 0),
	(155036, 8563, 0, 0, 0, 0),
	(155036, 8588, 0, 0, 0, 0),
	(155036, 8591, 0, 0, 0, 0),
	(155036, 8592, 0, 0, 0, 0),
	(155036, 8595, 0, 0, 0, 0),
	(155036, 8629, 0, 0, 0, 0),
	(155036, 8631, 0, 0, 0, 0),
	(155036, 8632, 0, 0, 0, 0),
	(155036, 13086, 0, 0, 0, 0),
	(155036, 13317, 0, 0, 0, 0),
	(155036, 13321, 0, 0, 0, 0),
	(155036, 13322, 0, 0, 0, 0),
	(155036, 13331, 0, 0, 0, 0),
	(155036, 13332, 0, 0, 0, 0),
	(155036, 13333, 0, 0, 0, 0),
	(155036, 13334, 0, 0, 0, 0),
	(155036, 15277, 0, 0, 0, 0),
	(155036, 15290, 0, 0, 0, 0),
	(155036, 18766, 0, 0, 0, 0),
	(155036, 18767, 0, 0, 0, 0),
	(155036, 18772, 0, 0, 0, 0),
	(155036, 18773, 0, 0, 0, 0),
	(155036, 18774, 0, 0, 0, 0),
	(155036, 18776, 0, 0, 0, 0),
	(155036, 18777, 0, 0, 0, 0),
	(155036, 18778, 0, 0, 0, 0),
	(155036, 18785, 0, 0, 0, 0),
	(155036, 18786, 0, 0, 0, 0),
	(155036, 18787, 0, 0, 0, 0),
	(155036, 18788, 0, 0, 0, 0),
	(155036, 18789, 0, 0, 0, 0),
	(155036, 18790, 0, 0, 0, 0),
	(155036, 18791, 0, 0, 0, 0),
	(155036, 18793, 0, 0, 0, 0),
	(155036, 18794, 0, 0, 0, 0),
	(155036, 18795, 0, 0, 0, 0),
	(155036, 18796, 0, 0, 0, 0),
	(155036, 18797, 0, 0, 0, 0),
	(155036, 18798, 0, 0, 0, 0),
	(155036, 18902, 0, 0, 0, 0),
	(155036, 19029, 0, 0, 0, 0),
	(155036, 21176, 0, 0, 0, 0),
	(155036, 23720, 0, 0, 0, 0),
	(155036, 25470, 0, 0, 0, 0),
	(155036, 25471, 0, 0, 0, 0),
	(155036, 25472, 0, 0, 0, 0),
	(155036, 25473, 0, 0, 0, 0),
	(155036, 25474, 0, 0, 0, 0),
	(155036, 25475, 0, 0, 0, 0),
	(155036, 25476, 0, 0, 0, 0),
	(155036, 25477, 0, 0, 0, 0),
	(155036, 25527, 0, 0, 0, 0),
	(155036, 25528, 0, 0, 0, 0),
	(155036, 25529, 0, 0, 0, 0),
	(155036, 25531, 0, 0, 0, 0),
	(155036, 25532, 0, 0, 0, 0),
	(155036, 25533, 0, 0, 0, 0),
	(155036, 25596, 0, 0, 0, 0),
	(155036, 28481, 0, 0, 0, 0),
	(155036, 28915, 0, 0, 0, 0),
	(155036, 28927, 0, 0, 0, 0),
	(155036, 28936, 0, 0, 0, 0),
	(155036, 29102, 0, 0, 0, 0),
	(155036, 29103, 0, 0, 0, 0),
	(155036, 29104, 0, 0, 0, 0),
	(155036, 29105, 0, 0, 0, 0),
	(155036, 29220, 0, 0, 0, 0),
	(155036, 29221, 0, 0, 0, 0),
	(155036, 29222, 0, 0, 0, 0),
	(155036, 29223, 0, 0, 0, 0),
	(155036, 29224, 0, 0, 0, 0),
	(155036, 29227, 0, 0, 0, 0),
	(155036, 29228, 0, 0, 0, 0),
	(155036, 29229, 0, 0, 0, 0),
	(155036, 29230, 0, 0, 0, 0),
	(155036, 29231, 0, 0, 0, 0),
	(155036, 29465, 0, 0, 0, 0),
	(155036, 29466, 0, 0, 0, 0),
	(155036, 29467, 0, 0, 0, 0),
	(155036, 29468, 0, 0, 0, 0),
	(155036, 29469, 0, 0, 0, 0),
	(155036, 29470, 0, 0, 0, 0),
	(155036, 29471, 0, 0, 0, 0),
	(155036, 29472, 0, 0, 0, 0),
	(155036, 29743, 0, 0, 0, 0),
	(155036, 29744, 0, 0, 0, 0),
	(155036, 29745, 0, 0, 0, 0),
	(155036, 29746, 0, 0, 0, 0),
	(155036, 29747, 0, 0, 0, 0),
	(155036, 31829, 0, 0, 0, 0),
	(155036, 31830, 0, 0, 0, 0),
	(155036, 31831, 0, 0, 0, 0),
	(155036, 31832, 0, 0, 0, 0),
	(155036, 31833, 0, 0, 0, 0),
	(155036, 31834, 0, 0, 0, 0),
	(155036, 31835, 0, 0, 0, 0),
	(155036, 31836, 0, 0, 0, 0),
	(155036, 32314, 0, 0, 0, 0),
	(155036, 32316, 0, 0, 0, 0),
	(155036, 32317, 0, 0, 0, 0),
	(155036, 32318, 0, 0, 0, 0),
	(155036, 32319, 0, 0, 0, 0),
	(155036, 32857, 0, 0, 0, 0),
	(155036, 32858, 0, 0, 0, 0),
	(155036, 32859, 0, 0, 0, 0),
	(155036, 32860, 0, 0, 0, 0),
	(155036, 32861, 0, 0, 0, 0),
	(155036, 32862, 0, 0, 0, 0),
	(155036, 33976, 0, 0, 0, 0),
	(155036, 33977, 0, 0, 0, 0),
	(155036, 33999, 0, 0, 0, 0),
	(155037, 1623, 0, 0, 0, 0),
	(155037, 1652, 0, 0, 0, 0),
	(155037, 1685, 0, 0, 0, 0),
	(155037, 1725, 0, 0, 0, 0),
	(155037, 3762, 0, 0, 0, 0),
	(155037, 3914, 0, 0, 0, 0),
	(155037, 4499, 0, 0, 0, 0),
	(155037, 4500, 0, 0, 0, 0),
	(155037, 4981, 0, 0, 0, 0),
	(155037, 9587, 0, 0, 0, 0),
	(155037, 10050, 0, 0, 0, 0),
	(155037, 10051, 0, 0, 0, 0),
	(155037, 10683, 0, 0, 0, 0),
	(155037, 10959, 0, 0, 0, 0),
	(155037, 11324, 0, 0, 0, 0),
	(155037, 11742, 0, 0, 0, 0),
	(155037, 14046, 0, 0, 0, 0),
	(155037, 14155, 0, 0, 0, 0),
	(155037, 14156, 0, 0, 0, 0),
	(155037, 16057, 0, 0, 0, 0),
	(155037, 17966, 0, 0, 0, 0),
	(155037, 19291, 0, 0, 0, 0),
	(155037, 19914, 0, 0, 0, 0),
	(155037, 20400, 0, 0, 0, 0),
	(155037, 21340, 0, 0, 0, 0),
	(155037, 21341, 0, 0, 0, 0),
	(155037, 21342, 0, 0, 0, 0),
	(155037, 21841, 0, 0, 0, 0),
	(155037, 21843, 0, 0, 0, 0),
	(155037, 21858, 0, 0, 0, 0),
	(155037, 21872, 0, 0, 0, 0),
	(155037, 21876, 0, 0, 0, 0),
	(155037, 22243, 0, 0, 0, 0),
	(155037, 22244, 0, 0, 0, 0),
	(155037, 22246, 0, 0, 0, 0),
	(155037, 22248, 0, 0, 0, 0),
	(155037, 22249, 0, 0, 0, 0),
	(155037, 22250, 0, 0, 0, 0),
	(155037, 22251, 0, 0, 0, 0),
	(155037, 22252, 0, 0, 0, 0),
	(155037, 22679, 0, 0, 0, 0),
	(155037, 23162, 0, 0, 0, 0),
	(155037, 23774, 0, 0, 0, 0),
	(155037, 23775, 0, 0, 0, 0),
	(155037, 24270, 0, 0, 0, 0),
	(155037, 27680, 0, 0, 0, 0),
	(155037, 29540, 0, 0, 0, 0),
	(155037, 30744, 0, 0, 0, 0),
	(155037, 30745, 0, 0, 0, 0),
	(155037, 30746, 0, 0, 0, 0),
	(155037, 30747, 0, 0, 0, 0),
	(155037, 30748, 0, 0, 0, 0),
	(155037, 33117, 0, 0, 0, 0),
	(155037, 34067, 0, 0, 0, 0),
	(155037, 34482, 0, 0, 0, 0),
	(155037, 34490, 0, 0, 0, 0),
	(155037, 34845, 0, 0, 0, 0),
	(155037, 35516, 0, 0, 0, 0),
	(155037, 38082, 0, 0, 0, 0),
	(155037, 38145, 0, 0, 0, 0),
	(155037, 38225, 0, 0, 0, 0),
	(155037, 38347, 0, 0, 0, 0),
	(155037, 38399, 0, 0, 0, 0),
	(155037, 41597, 0, 0, 0, 0),
	(155037, 41598, 0, 0, 0, 0),
	(155037, 41599, 0, 0, 0, 0),
	(155037, 41600, 0, 0, 0, 0),
	(155037, 43345, 0, 0, 0, 0),
	(155037, 44446, 0, 0, 0, 0),
	(155038, 40415, 0, 0, 0, 0),
	(155038, 40416, 0, 0, 0, 0),
	(155038, 40417, 0, 0, 0, 0),
	(155038, 40418, 0, 0, 0, 0),
	(155038, 40419, 0, 0, 0, 0),
	(155038, 40420, 0, 0, 0, 0),
	(155038, 40421, 0, 0, 0, 0),
	(155038, 40422, 0, 0, 0, 0),
	(155038, 40423, 0, 0, 0, 0),
	(155038, 40424, 0, 0, 0, 0),
	(155038, 40454, 0, 0, 0, 0),
	(155038, 40456, 0, 0, 0, 0),
	(155038, 40457, 0, 0, 0, 0),
	(155038, 40458, 0, 0, 0, 0),
	(155038, 40459, 0, 0, 0, 0),
	(155038, 40471, 0, 0, 0, 0),
	(155038, 40472, 0, 0, 0, 0),
	(155038, 40473, 0, 0, 0, 0),
	(155038, 40493, 0, 0, 0, 0),
	(155038, 40494, 0, 0, 0, 0),
	(155038, 40495, 0, 0, 0, 0),
	(155038, 40496, 0, 0, 0, 0),
	(155038, 40499, 0, 0, 0, 0),
	(155038, 40500, 0, 0, 0, 0),
	(155038, 40502, 0, 0, 0, 0),
	(155038, 40503, 0, 0, 0, 0),
	(155038, 40504, 0, 0, 0, 0),
	(155038, 40505, 0, 0, 0, 0),
	(155038, 40506, 0, 0, 0, 0),
	(155038, 40507, 0, 0, 0, 0),
	(155038, 40520, 0, 0, 0, 0),
	(155038, 40521, 0, 0, 0, 0),
	(155038, 40522, 0, 0, 0, 0),
	(155038, 40523, 0, 0, 0, 0),
	(155038, 40524, 0, 0, 0, 0),
	(155038, 40525, 0, 0, 0, 0),
	(155038, 40527, 0, 0, 0, 0),
	(155038, 40528, 0, 0, 0, 0),
	(155038, 40529, 0, 0, 0, 0),
	(155038, 40530, 0, 0, 0, 0),
	(155038, 40574, 0, 0, 0, 0),
	(155038, 40575, 0, 0, 0, 0),
	(155038, 40576, 0, 0, 0, 0),
	(155038, 40577, 0, 0, 0, 0),
	(155038, 40578, 0, 0, 0, 0),
	(155039, 46212, 0, 0, 0, 0),
	(155039, 46208, 0, 0, 0, 0),
	(155039, 46205, 0, 0, 0, 0),
	(155039, 46203, 0, 0, 0, 0),
	(155039, 46200, 0, 0, 0, 0),
	(155039, 46196, 0, 0, 0, 0),
	(155039, 46194, 0, 0, 0, 0),
	(155039, 46192, 0, 0, 0, 0),
	(155039, 46191, 0, 0, 0, 0),
	(155039, 46189, 0, 0, 0, 0),
	(155039, 46197, 0, 0, 0, 0),
	(155039, 46195, 0, 0, 0, 0),
	(155039, 46193, 0, 0, 0, 0),
	(155039, 46190, 0, 0, 0, 0),
	(155039, 46188, 0, 0, 0, 0),
	(155039, 46182, 0, 0, 0, 0),
	(155039, 46181, 0, 0, 0, 0),
	(155039, 46180, 0, 0, 0, 0),
	(155039, 46179, 0, 0, 0, 0),
	(155039, 46178, 0, 0, 0, 0),
	(155039, 46169, 0, 0, 0, 0),
	(155039, 46167, 0, 0, 0, 0),
	(155039, 46166, 0, 0, 0, 0),
	(155039, 46164, 0, 0, 0, 0),
	(155039, 46162, 0, 0, 0, 0),
	(155039, 46145, 0, 0, 0, 0),
	(155039, 46144, 0, 0, 0, 0),
	(155039, 46143, 0, 0, 0, 0),
	(155039, 46142, 0, 0, 0, 0),
	(155039, 46141, 0, 0, 0, 0),
	(155039, 46140, 0, 0, 0, 0),
	(155039, 46139, 0, 0, 0, 0),
	(155039, 46137, 0, 0, 0, 0),
	(155039, 46136, 0, 0, 0, 0),
	(155039, 46135, 0, 0, 0, 0),
	(155039, 46134, 0, 0, 0, 0),
	(155039, 46133, 0, 0, 0, 0),
	(155039, 46132, 0, 0, 0, 0),
	(155039, 46130, 0, 0, 0, 0),
	(155039, 46129, 0, 0, 0, 0),
	(155039, 46127, 0, 0, 0, 0),
	(155039, 46126, 0, 0, 0, 0),
	(155039, 46125, 0, 0, 0, 0),
	(155039, 46124, 0, 0, 0, 0),
	(155039, 46123, 0, 0, 0, 0),
	(155039, 46122, 0, 0, 0, 0),
	(155039, 46121, 0, 0, 0, 0),
	(155039, 46120, 0, 0, 0, 0),
	(155039, 46119, 0, 0, 0, 0),
	(155039, 46118, 0, 0, 0, 0),
	(155040, 48365, 0, 0, 0, 0),
	(155040, 48364, 0, 0, 0, 0),
	(155040, 48363, 0, 0, 0, 0),
	(155040, 48362, 0, 0, 0, 0),
	(155040, 48361, 0, 0, 0, 0),
	(155040, 48212, 0, 0, 0, 0),
	(155040, 48211, 0, 0, 0, 0),
	(155040, 48210, 0, 0, 0, 0),
	(155040, 48209, 0, 0, 0, 0),
	(155040, 48208, 0, 0, 0, 0),
	(155040, 47987, 0, 0, 0, 0),
	(155040, 47986, 0, 0, 0, 0),
	(155040, 47985, 0, 0, 0, 0),
	(155040, 47984, 0, 0, 0, 0),
	(155040, 47983, 0, 0, 0, 0),
	(155040, 48611, 0, 0, 0, 0),
	(155040, 48610, 0, 0, 0, 0),
	(155040, 48609, 0, 0, 0, 0),
	(155040, 48608, 0, 0, 0, 0),
	(155040, 48607, 0, 0, 0, 0),
	(155040, 48395, 0, 0, 0, 0),
	(155040, 48394, 0, 0, 0, 0),
	(155040, 48393, 0, 0, 0, 0),
	(155040, 48392, 0, 0, 0, 0),
	(155040, 48391, 0, 0, 0, 0),
	(155040, 48259, 0, 0, 0, 0),
	(155040, 48258, 0, 0, 0, 0),
	(155040, 48257, 0, 0, 0, 0),
	(155040, 48256, 0, 0, 0, 0),
	(155040, 48255, 0, 0, 0, 0),
	(155040, 47807, 0, 0, 0, 0),
	(155040, 47806, 0, 0, 0, 0),
	(155040, 47805, 0, 0, 0, 0),
	(155040, 47804, 0, 0, 0, 0),
	(155040, 47803, 0, 0, 0, 0),
	(155040, 47757, 0, 0, 0, 0),
	(155040, 47756, 0, 0, 0, 0),
	(155040, 47755, 0, 0, 0, 0),
	(155040, 47754, 0, 0, 0, 0),
	(155040, 47753, 0, 0, 0, 0),
	(155040, 48242, 0, 0, 0, 0),
	(155040, 48241, 0, 0, 0, 0),
	(155040, 48240, 0, 0, 0, 0),
	(155040, 48239, 0, 0, 0, 0),
	(155040, 48238, 0, 0, 0, 0),
	(155040, 48500, 0, 0, 0, 0),
	(155040, 48499, 0, 0, 0, 0),
	(155040, 48498, 0, 0, 0, 0),
	(155040, 48497, 0, 0, 0, 0),
	(155040, 48496, 0, 0, 0, 0),
	(155041, 51204, 0, 0, 0, 0),
	(155041, 51203, 0, 0, 0, 0),
	(155041, 51202, 0, 0, 0, 0),
	(155041, 51201, 0, 0, 0, 0),
	(155041, 51200, 0, 0, 0, 0),
	(155041, 51144, 0, 0, 0, 0),
	(155041, 51143, 0, 0, 0, 0),
	(155041, 51142, 0, 0, 0, 0),
	(155041, 51141, 0, 0, 0, 0),
	(155041, 51140, 0, 0, 0, 0),
	(155041, 51179, 0, 0, 0, 0),
	(155041, 51178, 0, 0, 0, 0),
	(155041, 51177, 0, 0, 0, 0),
	(155041, 51176, 0, 0, 0, 0),
	(155041, 51175, 0, 0, 0, 0),
	(155041, 51164, 0, 0, 0, 0),
	(155041, 51163, 0, 0, 0, 0),
	(155041, 51162, 0, 0, 0, 0),
	(155041, 51161, 0, 0, 0, 0),
	(155041, 51160, 0, 0, 0, 0),
	(155041, 51214, 0, 0, 0, 0),
	(155041, 51213, 0, 0, 0, 0),
	(155041, 51212, 0, 0, 0, 0),
	(155041, 51211, 0, 0, 0, 0),
	(155041, 51210, 0, 0, 0, 0),
	(155041, 51154, 0, 0, 0, 0),
	(155041, 51153, 0, 0, 0, 0),
	(155041, 51152, 0, 0, 0, 0),
	(155041, 51151, 0, 0, 0, 0),
	(155041, 51150, 0, 0, 0, 0),
	(155041, 51209, 0, 0, 0, 0),
	(155041, 51208, 0, 0, 0, 0),
	(155041, 51207, 0, 0, 0, 0),
	(155041, 51206, 0, 0, 0, 0),
	(155041, 51205, 0, 0, 0, 0),
	(155041, 51159, 0, 0, 0, 0),
	(155041, 51158, 0, 0, 0, 0),
	(155041, 51157, 0, 0, 0, 0),
	(155041, 51156, 0, 0, 0, 0),
	(155041, 51155, 0, 0, 0, 0),
	(155041, 51189, 0, 0, 0, 0),
	(155041, 51188, 0, 0, 0, 0),
	(155041, 51187, 0, 0, 0, 0),
	(155041, 51186, 0, 0, 0, 0),
	(155041, 51185, 0, 0, 0, 0),
	(155041, 51129, 0, 0, 0, 0),
	(155041, 51128, 0, 0, 0, 0),
	(155041, 51127, 0, 0, 0, 0),
	(155041, 51126, 0, 0, 0, 0),
	(155041, 51125, 0, 0, 0, 0),
	(155042, 40150, 0, 0, 0, 0),
	(155042, 42143, 0, 0, 0, 0),
	(155042, 45879, 0, 0, 0, 0),
	(155042, 41307, 0, 0, 0, 0),
	(155042, 40154, 0, 0, 0, 0),
	(155042, 41377, 0, 0, 0, 0),
	(155042, 41333, 0, 0, 0, 0),
	(155042, 40158, 0, 0, 0, 0),
	(155042, 32228, 0, 0, 0, 0),
	(155042, 40167, 0, 0, 0, 0),
	(155042, 40179, 0, 0, 0, 0),
	(155042, 41335, 0, 0, 0, 0),
	(155042, 44081, 0, 0, 0, 0),
	(155042, 42152, 0, 0, 0, 0),
	(155042, 40169, 0, 0, 0, 0),
	(155042, 41378, 0, 0, 0, 0),
	(155042, 44084, 0, 0, 0, 0),
	(155042, 42153, 0, 0, 0, 0),
	(155042, 40161, 0, 0, 0, 0),
	(155042, 40148, 0, 0, 0, 0),
	(155042, 41379, 0, 0, 0, 0),
	(155042, 44082, 0, 0, 0, 0),
	(155042, 40174, 0, 0, 0, 0),
	(155042, 41385, 0, 0, 0, 0),
	(155042, 40165, 0, 0, 0, 0),
	(155042, 44066, 0, 0, 0, 0),
	(155042, 40177, 0, 0, 0, 0),
	(155042, 32229, 0, 0, 0, 0),
	(155042, 40149, 0, 0, 0, 0),
	(155042, 40151, 0, 0, 0, 0),
	(155042, 42146, 0, 0, 0, 0),
	(155042, 32202, 0, 0, 0, 0),
	(155042, 40171, 0, 0, 0, 0),
	(155042, 42158, 0, 0, 0, 0),
	(155042, 49110, 0, 0, 0, 0),
	(155042, 40178, 0, 0, 0, 0),
	(155042, 44087, 0, 0, 0, 0),
	(155042, 40152, 0, 0, 0, 0),
	(155042, 44088, 0, 0, 0, 0),
	(155042, 42154, 0, 0, 0, 0),
	(155042, 40157, 0, 0, 0, 0),
	(155042, 42150, 0, 0, 0, 0),
	(155042, 40180, 0, 0, 0, 0),
	(155042, 40155, 0, 0, 0, 0),
	(155042, 40163, 0, 0, 0, 0),
	(155042, 41376, 0, 0, 0, 0),
	(155042, 42156, 0, 0, 0, 0),
	(155042, 45987, 0, 0, 0, 0),
	(155042, 32216, 0, 0, 0, 0),
	(155042, 32196, 0, 0, 0, 0),
	(155042, 42144, 0, 0, 0, 0),
	(155042, 45883, 0, 0, 0, 0),
	(155042, 32249, 0, 0, 0, 0),
	(155042, 40170, 0, 0, 0, 0),
	(155042, 32230, 0, 0, 0, 0),
	(155042, 40182, 0, 0, 0, 0),
	(155042, 40172, 0, 0, 0, 0),
	(155042, 42149, 0, 0, 0, 0),
	(155042, 45880, 0, 0, 0, 0),
	(155042, 42145, 0, 0, 0, 0),
	(155042, 45881, 0, 0, 0, 0),
	(155042, 40160, 0, 0, 0, 0),
	(155042, 40159, 0, 0, 0, 0),
	(155042, 40168, 0, 0, 0, 0),
	(155042, 42155, 0, 0, 0, 0),
	(155042, 42151, 0, 0, 0, 0),
	(155042, 40176, 0, 0, 0, 0),
	(155042, 32195, 0, 0, 0, 0),
	(155042, 40181, 0, 0, 0, 0),
	(155042, 42157, 0, 0, 0, 0),
	(155042, 41400, 0, 0, 0, 0),
	(155042, 40164, 0, 0, 0, 0),
	(155042, 44078, 0, 0, 0, 0),
	(155042, 44089, 0, 0, 0, 0),
	(155042, 41382, 0, 0, 0, 0),
	(155042, 40173, 0, 0, 0, 0),
	(155042, 40153, 0, 0, 0, 0),
	(155042, 40166, 0, 0, 0, 0),
	(155042, 40156, 0, 0, 0, 0),
	(155025, 50185, 0, 0, 0, 0),
	(155025, 50186, 0, 0, 0, 0),
	(155033, 50008, 0, 0, 0, 0),
	(155033, 50453, 0, 0, 0, 0),
	(155033, 50170, 0, 0, 0, 0),
	(155033, 50790, 0, 0, 0, 0),
	(155033, 51381, 0, 0, 0, 0),
	(155033, 51001, 0, 0, 0, 0),
	(155033, 51559, 0, 0, 0, 0),
	(155033, 49812, 0, 0, 0, 0),
	(155033, 49803, 0, 0, 0, 0),
	(155028, 51335, 0, 0, 0, 0),
	(155028, 51349, 0, 0, 0, 0),
	(155028, 51331, 0, 0, 0, 0),
	(155028, 51347, 0, 0, 0, 0),
	(155028, 51333, 0, 0, 0, 0),
	(155028, 51353, 0, 0, 0, 0),
	(155028, 51355, 0, 0, 0, 0),
	(155028, 51357, 0, 0, 0, 0),
	(155029, 50468, 0, 0, 0, 0),
	(155029, 50205, 0, 0, 0, 0),
	(155029, 50014, 0, 0, 0, 0),
	(155029, 50467, 0, 0, 0, 0),
	(155029, 50470, 0, 0, 0, 0),
	(155029, 50074, 0, 0, 0, 0),
	(155029, 50466, 0, 0, 0, 0),
	(155029, 49998, 0, 0, 0, 0),
	(155029, 50469, 0, 0, 0, 0),
	(155029, 50019, 0, 0, 0, 0),
	(155029, 51334, 0, 0, 0, 0),
	(155029, 51348, 0, 0, 0, 0),
	(155029, 51330, 0, 0, 0, 0),
	(155029, 51346, 0, 0, 0, 0),
	(155029, 51332, 0, 0, 0, 0),
	(155029, 51354, 0, 0, 0, 0),
	(155029, 51356, 0, 0, 0, 0),
	(155029, 50859, 0, 0, 0, 0),
	(155037, 50316, 0, 0, 0, 0),
	(155037, 50317, 0, 0, 0, 0),
	(155037, 51809, 0, 0, 0, 0),
	(155030, 50458, 0, 0, 0, 0),
	(155030, 50454, 0, 0, 0, 0),
	(155030, 50456, 0, 0, 0, 0),
	(155030, 50457, 0, 0, 0, 0),
	(155030, 50460, 0, 0, 0, 0),
	(155030, 50455, 0, 0, 0, 0),
	(155030, 50461, 0, 0, 0, 0),
	(155030, 50462, 0, 0, 0, 0),
	(155030, 50459, 0, 0, 0, 0),
	(155030, 50463, 0, 0, 0, 0),
	(155030, 50464, 0, 0, 0, 0),
	(155030, 51429, 0, 0, 0, 0),
	(155030, 51437, 0, 0, 0, 0),
	(155030, 51423, 0, 0, 0, 0),
	(155030, 51478, 0, 0, 0, 0),
	(155030, 51472, 0, 0, 0, 0),
	(155030, 51417, 0, 0, 0, 0),
	(155030, 51507, 0, 0, 0, 0),
	(155030, 51513, 0, 0, 0, 0),
	(155030, 51501, 0, 0, 0, 0),
	(155026, 51452, 0, 0, 0, 0),
	(155026, 51455, 0, 0, 0, 0),
	(155026, 51533, 0, 0, 0, 0),
	(155026, 49976, 0, 0, 0, 0),
	(155026, 50065, 0, 0, 0, 0),
	(155026, 51791, 0, 0, 0, 0),
	(155026, 50794, 0, 0, 0, 0),
	(155026, 49821, 0, 0, 0, 0),
	(155026, 49835, 0, 0, 0, 0),
	(155027, 50359, 0, 0, 0, 0),
	(155027, 50354, 0, 0, 0, 0),
	(155027, 50352, 0, 0, 0, 0),
	(155027, 50356, 0, 0, 0, 0),
	(155027, 50362, 0, 0, 0, 0),
	(155027, 50353, 0, 0, 0, 0),
	(155027, 50355, 0, 0, 0, 0),
	(155027, 50357, 0, 0, 0, 0),
	(155027, 50360, 0, 0, 0, 0),
	(155024, 50033, 0, 0, 0, 0),
	(155024, 50472, 0, 0, 0, 0),
	(155024, 51532, 0, 0, 0, 0),
	(155024, 51531, 0, 0, 0, 0),
	(155024, 51410, 0, 0, 0, 0),
	(155024, 51451, 0, 0, 0, 0),
	(155024, 51553, 0, 0, 0, 0),
	(155024, 51326, 0, 0, 0, 0),
	(155024, 50291, 0, 0, 0, 0),
	(155024, 49852, 0, 0, 0, 0),
	(155017, 51450, 0, 0, 0, 0),
	(155017, 50444, 0, 0, 0, 0),
	(155017, 51449, 0, 0, 0, 0),
	(155017, 51561, 0, 0, 0, 0),
	(155017, 51385, 0, 0, 0, 0),
	(155017, 49813, 0, 0, 0, 0),
	(155021, 50315, 0, 0, 0, 0),
	(155021, 51003, 0, 0, 0, 0),
	(155021, 50035, 0, 0, 0, 0),
	(155021, 51523, 0, 0, 0, 0),
	(155021, 51524, 0, 0, 0, 0),
	(155022, 49846, 0, 0, 0, 0),
	(155022, 50227, 0, 0, 0, 0),
	(155022, 51788, 0, 0, 0, 0),
	(155022, 50793, 0, 0, 0, 0),
	(155022, 51803, 0, 0, 0, 0),
	(155022, 49968, 0, 0, 0, 0),
	(155022, 51406, 0, 0, 0, 0),
	(155022, 51397, 0, 0, 0, 0),
	(155022, 51398, 0, 0, 0, 0),
	(155022, 51399, 0, 0, 0, 0),
	(155023, 47741, 0, 0, 0, 0),
	(155023, 47428, 0, 0, 0, 0),
	(155023, 47267, 0, 0, 0, 0),
	(155023, 46995, 0, 0, 0, 0),
	(155023, 46994, 0, 0, 0, 0),
	(155023, 46018, 0, 0, 0, 0),
	(155023, 45939, 0, 0, 0, 0),
	(155023, 45570, 0, 0, 0, 0),
	(155023, 42498, 0, 0, 0, 0),
	(155023, 42496, 0, 0, 0, 0),
	(155023, 42495, 0, 0, 0, 0),
	(155023, 42494, 0, 0, 0, 0),
	(155023, 40346, 0, 0, 0, 0),
	(155023, 37191, 0, 0, 0, 0),
	(155023, 35018, 0, 0, 0, 0),
	(155023, 34892, 0, 0, 0, 0),
	(155023, 33006, 0, 0, 0, 0),
	(155023, 32645, 0, 0, 0, 0),
	(155023, 32253, 0, 0, 0, 0),
	(155023, 31986, 0, 0, 0, 0),
	(155023, 28504, 0, 0, 0, 0),
	(155023, 28294, 0, 0, 0, 0),
	(155023, 22812, 0, 0, 0, 0),
	(155023, 21459, 0, 0, 0, 0),
	(155023, 20599, 0, 0, 0, 0),
	(155023, 19361, 0, 0, 0, 0),
	(155023, 18837, 0, 0, 0, 0),
	(155023, 18836, 0, 0, 0, 0),
	(155018, 51395, 0, 0, 0, 0),
	(155018, 51394, 0, 0, 0, 0),
	(155018, 50034, 0, 0, 0, 0),
	(155018, 48420, 0, 0, 0, 0),
	(155018, 50776, 0, 0, 0, 0),
	(155018, 42492, 0, 0, 0, 0),
	(155018, 45938, 0, 0, 0, 0),
	(155018, 42491, 0, 0, 0, 0),
	(155018, 45327, 0, 0, 0, 0),
	(155018, 45872, 0, 0, 0, 0),
	(155018, 49844, 0, 0, 0, 0),
	(155018, 46342, 0, 0, 0, 0),
	(155018, 40265, 0, 0, 0, 0),
	(155018, 42490, 0, 0, 0, 0),
	(155018, 39296, 0, 0, 0, 0),
	(155018, 42489, 0, 0, 0, 0),
	(155010, 51400, 0, 0, 0, 0),
	(155010, 51431, 0, 0, 0, 0),
	(155010, 51405, 0, 0, 0, 0),
	(155010, 51457, 0, 0, 0, 0),
	(155010, 51432, 0, 0, 0, 0),
	(155010, 51402, 0, 0, 0, 0),
	(155010, 51456, 0, 0, 0, 0),
	(155010, 51401, 0, 0, 0, 0),
	(155010, 51404, 0, 0, 0, 0),
	(155010, 51403, 0, 0, 0, 0),
	(155036, 41508, 0, 0, 0, 0),
	(155036, 44413, 0, 0, 0, 0),
	(155036, 47180, 0, 0, 0, 0),
	(155036, 49282, 0, 0, 0, 0),
	(155036, 45725, 0, 0, 0, 0),
	(155036, 46708, 0, 0, 0, 0),
	(155036, 46171, 0, 0, 0, 0),
	(155036, 44558, 0, 0, 0, 0),
	(155036, 44178, 0, 0, 0, 0),
	(155012, 51392, 0, 0, 0, 0),
	(155012, 50761, 0, 0, 0, 0),
	(155012, 50049, 0, 0, 0, 0),
	(155012, 50048, 0, 0, 0, 0),
	(155012, 49839, 0, 0, 0, 0),
	(155013, 51448, 0, 0, 0, 0),
	(155013, 51522, 0, 0, 0, 0),
	(155013, 50771, 0, 0, 0, 0),
	(155013, 51521, 0, 0, 0, 0),
	(155013, 51447, 0, 0, 0, 0),
	(155013, 50068, 0, 0, 0, 0),
	(155013, 50412, 0, 0, 0, 0),
	(155013, 51010, 0, 0, 0, 0),
	(155013, 51021, 0, 0, 0, 0),
	(155019, 51389, 0, 0, 0, 0),
	(155019, 50415, 0, 0, 0, 0),
	(155019, 49888, 0, 0, 0, 0),
	(155019, 51388, 0, 0, 0, 0),
	(155019, 50798, 0, 0, 0, 0),
	(155019, 50267, 0, 0, 0, 0),
	(155020, 51440, 0, 0, 0, 0),
	(155020, 51516, 0, 0, 0, 0),
	(155020, 51526, 0, 0, 0, 0),
	(155020, 50012, 0, 0, 0, 0),
	(155020, 50411, 0, 0, 0, 0),
	(155020, 51525, 0, 0, 0, 0),
	(155020, 51515, 0, 0, 0, 0),
	(155020, 51439, 0, 0, 0, 0),
	(155020, 50759, 0, 0, 0, 0),
	(155020, 50787, 0, 0, 0, 0),
	(155020, 50290, 0, 0, 0, 0),
	(155020, 50191, 0, 0, 0, 0),
	(155020, 49840, 0, 0, 0, 0),
	(155014, 51481, 0, 0, 0, 0),
	(155014, 50178, 0, 0, 0, 0),
	(155014, 51480, 0, 0, 0, 0),
	(155014, 51022, 0, 0, 0, 0),
	(155014, 50296, 0, 0, 0, 0),
	(155016, 51446, 0, 0, 0, 0),
	(155016, 51454, 0, 0, 0, 0),
	(155016, 51520, 0, 0, 0, 0),
	(155016, 50428, 0, 0, 0, 0),
	(155016, 50179, 0, 0, 0, 0),
	(155016, 50028, 0, 0, 0, 0),
	(155016, 51445, 0, 0, 0, 0),
	(155016, 51453, 0, 0, 0, 0),
	(155016, 51519, 0, 0, 0, 0),
	(155016, 51798, 0, 0, 0, 0),
	(155016, 50760, 0, 0, 0, 0),
	(155016, 50050, 0, 0, 0, 0),
	(155016, 50810, 0, 0, 0, 0),
	(155016, 50051, 0, 0, 0, 0),
	(155016, 51004, 0, 0, 0, 0),
	(155016, 50303, 0, 0, 0, 0),
	(155016, 49845, 0, 0, 0, 0),
	(155016, 49783, 0, 0, 0, 0),
	(155015, 51391, 0, 0, 0, 0),
	(155015, 49919, 0, 0, 0, 0),
	(155015, 51390, 0, 0, 0, 0),
	(155015, 51798, 0, 0, 0, 0),
	(155015, 50052, 0, 0, 0, 0),
	(155015, 51562, 0, 0, 0, 0),
	(155034, 50474, 0, 0, 0, 0),
	(155034, 51535, 0, 0, 0, 0),
	(155034, 50999, 0, 0, 0, 0),
	(155034, 47660, 0, 0, 0, 0),
	(155034, 47659, 0, 0, 0, 0),
	(155034, 42483, 0, 0, 0, 0),
	(155034, 42451, 0, 0, 0, 0),
	(155034, 50169, 0, 0, 0, 0),
	(155034, 45086, 0, 0, 0, 0),
	(155034, 45296, 0, 0, 0, 0),
	(155034, 42450, 0, 0, 0, 0),
	(155034, 40190, 0, 0, 0, 0),
	(155034, 42449, 0, 0, 0, 0),
	(155034, 40716, 0, 0, 0, 0),
	(155034, 43612, 0, 0, 0, 0),
	(155034, 34581, 0, 0, 0, 0),
	(155034, 34582, 0, 0, 0, 0),
	(155034, 32760, 0, 0, 0, 0),
	(155034, 32761, 0, 0, 0, 0),
	(155034, 31737, 0, 0, 0, 0),
	(155034, 31735, 0, 0, 0, 0),
	(155011, 51407, 0, 0, 0, 0),
	(155011, 51396, 0, 0, 0, 0),
	(155011, 51408, 0, 0, 0, 0),
	(155011, 51409, 0, 0, 0, 0),
	(155011, 50173, 0, 0, 0, 0),
	(155011, 50423, 0, 0, 0, 0),
	(155011, 50781, 0, 0, 0, 0),
	(155011, 50309, 0, 0, 0, 0),
	(155040, 48371, 0, 0, 0, 0),
	(155040, 48372, 0, 0, 0, 0),
	(155040, 48373, 0, 0, 0, 0),
	(155040, 48374, 0, 0, 0, 0),
	(155040, 48375, 0, 0, 0, 0),
	(155040, 48376, 0, 0, 0, 0),
	(155040, 48377, 0, 0, 0, 0),
	(155040, 48378, 0, 0, 0, 0),
	(155040, 48379, 0, 0, 0, 0),
	(155040, 48380, 0, 0, 0, 0),
	(155040, 48381, 0, 0, 0, 0),
	(155040, 48382, 0, 0, 0, 0),
	(155040, 48383, 0, 0, 0, 0),
	(155040, 48384, 0, 0, 0, 0),
	(155040, 48385, 0, 0, 0, 0),
	(155043, 45790, 0, 0, 0, 0),
	(155043, 43423, 0, 0, 0, 0),
	(155043, 43424, 0, 0, 0, 0),
	(155043, 43415, 0, 0, 0, 0),
	(155043, 43432, 0, 0, 0, 0),
	(155043, 43416, 0, 0, 0, 0),
	(155043, 43418, 0, 0, 0, 0),
	(155043, 43419, 0, 0, 0, 0),
	(155043, 45792, 0, 0, 0, 0),
	(155043, 49084, 0, 0, 0, 0),
	(155043, 43396, 0, 0, 0, 0),
	(155043, 43398, 0, 0, 0, 0),
	(155043, 45781, 0, 0, 0, 0),
	(155043, 45779, 0, 0, 0, 0),
	(155043, 45780, 0, 0, 0, 0),
	(155043, 42453, 0, 0, 0, 0),
	(155043, 42468, 0, 0, 0, 0),
	(155043, 42455, 0, 0, 0, 0),
	(155043, 45782, 0, 0, 0, 0),
	(155043, 45783, 0, 0, 0, 0),
	(155043, 42457, 0, 0, 0, 0),
	(155043, 43394, 0, 0, 0, 0),
	(155043, 43393, 0, 0, 0, 0),
	(155043, 43392, 0, 0, 0, 0),
	(155043, 45753, 0, 0, 0, 0),
	(155043, 42407, 0, 0, 0, 0),
	(155043, 42409, 0, 0, 0, 0),
	(155043, 42414, 0, 0, 0, 0),
	(155043, 42403, 0, 0, 0, 0),
	(155043, 42400, 0, 0, 0, 0),
	(155043, 42404, 0, 0, 0, 0),
	(155043, 42401, 0, 0, 0, 0),
	(155043, 42399, 0, 0, 0, 0),
	(155043, 43374, 0, 0, 0, 0),
	(155043, 43372, 0, 0, 0, 0),
	(155043, 43370, 0, 0, 0, 0),
	(155043, 45762, 0, 0, 0, 0),
	(155043, 45764, 0, 0, 0, 0),
	(155043, 45761, 0, 0, 0, 0),
	(155043, 42954, 0, 0, 0, 0),
	(155043, 42969, 0, 0, 0, 0),
	(155043, 42967, 0, 0, 0, 0),
	(155043, 45766, 0, 0, 0, 0),
	(155043, 45767, 0, 0, 0, 0),
	(155043, 45769, 0, 0, 0, 0),
	(155043, 43378, 0, 0, 0, 0),
	(155043, 43376, 0, 0, 0, 0),
	(155043, 43379, 0, 0, 0, 0),
	(155043, 45771, 0, 0, 0, 0),
	(155043, 45772, 0, 0, 0, 0),
	(155043, 41529, 0, 0, 0, 0),
	(155043, 41527, 0, 0, 0, 0),
	(155043, 41524, 0, 0, 0, 0),
	(155043, 41542, 0, 0, 0, 0),
	(155043, 45777, 0, 0, 0, 0),
	(155043, 45778, 0, 0, 0, 0),
	(155043, 41552, 0, 0, 0, 0),
	(155043, 44923, 0, 0, 0, 0),
	(155043, 43344, 0, 0, 0, 0),
	(155043, 43381, 0, 0, 0, 0),
	(155043, 45736, 0, 0, 0, 0),
	(155043, 45738, 0, 0, 0, 0),
	(155043, 42749, 0, 0, 0, 0),
	(155043, 44684, 0, 0, 0, 0),
	(155043, 42751, 0, 0, 0, 0),
	(155043, 42745, 0, 0, 0, 0),
	(155043, 42748, 0, 0, 0, 0),
	(155043, 42736, 0, 0, 0, 0),
	(155043, 42754, 0, 0, 0, 0),
	(155043, 45739, 0, 0, 0, 0),
	(155043, 43339, 0, 0, 0, 0),
	(155043, 43359, 0, 0, 0, 0),
	(155043, 45625, 0, 0, 0, 0),
	(155043, 42911, 0, 0, 0, 0),
	(155043, 45732, 0, 0, 0, 0),
	(155043, 42897, 0, 0, 0, 0),
	(155043, 42898, 0, 0, 0, 0),
	(155043, 45731, 0, 0, 0, 0),
	(155043, 42904, 0, 0, 0, 0),
	(155043, 42907, 0, 0, 0, 0),
	(155043, 45733, 0, 0, 0, 0),
	(155043, 43355, 0, 0, 0, 0),
	(155043, 43351, 0, 0, 0, 0),
	(155043, 43350, 0, 0, 0, 0),
	(155043, 43869, 0, 0, 0, 0),
	(155043, 45744, 0, 0, 0, 0),
	(155043, 41110, 0, 0, 0, 0),
	(155043, 41106, 0, 0, 0, 0),
	(155043, 45742, 0, 0, 0, 0),
	(155043, 41098, 0, 0, 0, 0),
	(155043, 41102, 0, 0, 0, 0),
	(155043, 41107, 0, 0, 0, 0),
	(155043, 41109, 0, 0, 0, 0),
	(155043, 43369, 0, 0, 0, 0),
	(155043, 43340, 0, 0, 0, 0),
	(155043, 43368, 0, 0, 0, 0),
	(155043, 45604, 0, 0, 0, 0),
	(155043, 45601, 0, 0, 0, 0),
	(155043, 40915, 0, 0, 0, 0),
	(155043, 40902, 0, 0, 0, 0),
	(155043, 40901, 0, 0, 0, 0),
	(155043, 40900, 0, 0, 0, 0),
	(155043, 44928, 0, 0, 0, 0),
	(155043, 40921, 0, 0, 0, 0),
	(155043, 45623, 0, 0, 0, 0),
	(155043, 44922, 0, 0, 0, 0),
	(155043, 43335, 0, 0, 0, 0),
	(155043, 43334, 0, 0, 0, 0),
	(155043, 45806, 0, 0, 0, 0),
	(155043, 43542, 0, 0, 0, 0),
	(155043, 45804, 0, 0, 0, 0),
	(155043, 43827, 0, 0, 0, 0),
	(155043, 43543, 0, 0, 0, 0),
	(155043, 43534, 0, 0, 0, 0),
	(155043, 45799, 0, 0, 0, 0),
	(155043, 45800, 0, 0, 0, 0),
	(155043, 43533, 0, 0, 0, 0),
	(155043, 43535, 0, 0, 0, 0),
	(155043, 43539, 0, 0, 0, 0),
	(155043, 43544, 0, 0, 0, 0),
	(155044, 4401, 0, 0, 0, 0),
	(155044, 8485, 0, 0, 0, 0),
	(155044, 8486, 0, 0, 0, 0),
	(155044, 8487, 0, 0, 0, 0),
	(155044, 8488, 0, 0, 0, 0),
	(155044, 8489, 0, 0, 0, 0),
	(155044, 8490, 0, 0, 0, 0),
	(155044, 8491, 0, 0, 0, 0),
	(155044, 8492, 0, 0, 0, 0),
	(155044, 8494, 0, 0, 0, 0),
	(155044, 8495, 0, 0, 0, 0),
	(155044, 8496, 0, 0, 0, 0),
	(155044, 8497, 0, 0, 0, 0),
	(155044, 8498, 0, 0, 0, 0),
	(155044, 8499, 0, 0, 0, 0),
	(155044, 8500, 0, 0, 0, 0),
	(155044, 8501, 0, 0, 0, 0),
	(155044, 10360, 0, 0, 0, 0),
	(155044, 10361, 0, 0, 0, 0),
	(155044, 10392, 0, 0, 0, 0),
	(155044, 10393, 0, 0, 0, 0),
	(155044, 10394, 0, 0, 0, 0),
	(155044, 10398, 0, 0, 0, 0),
	(155044, 10822, 0, 0, 0, 0),
	(155044, 11023, 0, 0, 0, 0),
	(155044, 11026, 0, 0, 0, 0),
	(155044, 11027, 0, 0, 0, 0),
	(155044, 11110, 0, 0, 0, 0),
	(155044, 11474, 0, 0, 0, 0),
	(155044, 11825, 0, 0, 0, 0),
	(155044, 11826, 0, 0, 0, 0),
	(155044, 12185, 0, 0, 0, 0),
	(155044, 12264, 0, 0, 0, 0),
	(155044, 12529, 0, 0, 0, 0),
	(155044, 13582, 0, 0, 0, 0),
	(155044, 13583, 0, 0, 0, 0),
	(155044, 13584, 0, 0, 0, 0),
	(155044, 15996, 0, 0, 0, 0),
	(155044, 19450, 0, 0, 0, 0),
	(155044, 20371, 0, 0, 0, 0),
	(155044, 20769, 0, 0, 0, 0),
	(155044, 21277, 0, 0, 0, 0),
	(155044, 21301, 0, 0, 0, 0),
	(155044, 21305, 0, 0, 0, 0),
	(155044, 21308, 0, 0, 0, 0),
	(155044, 21309, 0, 0, 0, 0),
	(155044, 22114, 0, 0, 0, 0),
	(155044, 22235, 0, 0, 0, 0),
	(155044, 23002, 0, 0, 0, 0),
	(155044, 23007, 0, 0, 0, 0),
	(155044, 23015, 0, 0, 0, 0),
	(155044, 23713, 0, 0, 0, 0),
	(155044, 23767, 0, 0, 0, 0),
	(155044, 25535, 0, 0, 0, 0),
	(155044, 27445, 0, 0, 0, 0),
	(155044, 29363, 0, 0, 0, 0),
	(155044, 29364, 0, 0, 0, 0),
	(155044, 29901, 0, 0, 0, 0),
	(155044, 29902, 0, 0, 0, 0),
	(155044, 29903, 0, 0, 0, 0),
	(155044, 29904, 0, 0, 0, 0),
	(155044, 29953, 0, 0, 0, 0),
	(155044, 29956, 0, 0, 0, 0),
	(155044, 29958, 0, 0, 0, 0),
	(155044, 29960, 0, 0, 0, 0),
	(155044, 30360, 0, 0, 0, 0),
	(155044, 31760, 0, 0, 0, 0),
	(155044, 32233, 0, 0, 0, 0),
	(155044, 32498, 0, 0, 0, 0),
	(155044, 32588, 0, 0, 0, 0),
	(155044, 32616, 0, 0, 0, 0),
	(155044, 32617, 0, 0, 0, 0),
	(155044, 32622, 0, 0, 0, 0),
	(155044, 33154, 0, 0, 0, 0),
	(155044, 33816, 0, 0, 0, 0),
	(155044, 33818, 0, 0, 0, 0),
	(155044, 33993, 0, 0, 0, 0),
	(155044, 34425, 0, 0, 0, 0),
	(155044, 34478, 0, 0, 0, 0),
	(155044, 34492, 0, 0, 0, 0),
	(155044, 34493, 0, 0, 0, 0),
	(155044, 34535, 0, 0, 0, 0),
	(155044, 35227, 0, 0, 0, 0),
	(155044, 35349, 0, 0, 0, 0),
	(155044, 35350, 0, 0, 0, 0),
	(155044, 35504, 0, 0, 0, 0),
	(155044, 37297, 0, 0, 0, 0),
	(155044, 38050, 0, 0, 0, 0),
	(155044, 38628, 0, 0, 0, 0),
	(155044, 38658, 0, 0, 0, 0),
	(155044, 39286, 0, 0, 0, 0),
	(155044, 39656, 0, 0, 0, 0),
	(155044, 39896, 0, 0, 0, 0),
	(155044, 39898, 0, 0, 0, 0),
	(155044, 39899, 0, 0, 0, 0),
	(155044, 39973, 0, 0, 0, 0),
	(155044, 40653, 0, 0, 0, 0),
	(155044, 41133, 0, 0, 0, 0),
	(155044, 43698, 0, 0, 0, 0),
	(155044, 44721, 0, 0, 0, 0),
	(155044, 44723, 0, 0, 0, 0),
	(155044, 44738, 0, 0, 0, 0),
	(155044, 44819, 0, 0, 0, 0),
	(155044, 44841, 0, 0, 0, 0),
	(155044, 44965, 0, 0, 0, 0),
	(155044, 44970, 0, 0, 0, 0),
	(155044, 44971, 0, 0, 0, 0),
	(155044, 44973, 0, 0, 0, 0),
	(155044, 44974, 0, 0, 0, 0),
	(155044, 44980, 0, 0, 0, 0),
	(155044, 44982, 0, 0, 0, 0),
	(155044, 44984, 0, 0, 0, 0),
	(155044, 44998, 0, 0, 0, 0),
	(155044, 45002, 0, 0, 0, 0),
	(155044, 45022, 0, 0, 0, 0),
	(155044, 45180, 0, 0, 0, 0),
	(155044, 45606, 0, 0, 0, 0),
	(155044, 46544, 0, 0, 0, 0),
	(155044, 46545, 0, 0, 0, 0),
	(155044, 46802, 0, 0, 0, 0),
	(155044, 46831, 0, 0, 0, 0),
	(155044, 48112, 0, 0, 0, 0),
	(155044, 48114, 0, 0, 0, 0),
	(155044, 48116, 0, 0, 0, 0),
	(155044, 48118, 0, 0, 0, 0),
	(155044, 48124, 0, 0, 0, 0),
	(155044, 48126, 0, 0, 0, 0),
	(155044, 49362, 0, 0, 0, 0),
	(155044, 49662, 0, 0, 0, 0),
	(155044, 49663, 0, 0, 0, 0),
	(155044, 49665, 0, 0, 0, 0),
	(155044, 49693, 0, 0, 0, 0),
	(155044, 49912, 0, 0, 0, 0),
	(155044, 54847, 0, 0, 0, 0),
	(155044, 56806, 0, 0, 0, 0);

